budget,delay,elapsed_budget,elapsed_time,function_name,noise_level,num_blocks,optimizer_name,rotation,loss,useful_dimensions,useless_variables,seed
200,1,422,0.0906107426,sphere,0,1,AdamSP,none,3.3988053559,2,0,-1
200,1,422,0.1524252892,sphere,0,1,HaltonSearch,none,0.0199575303,2,0,-1
200,1,422,0.156222105,sphere,0,1,LargeScrHaltonSearchPlusMiddlePoint,none,0.6283756633,2,0,-1
200,1,329,0.008095026,sphere,0,1,NM,none,4E-10,2,0,-1
200,1,422,0.169811964,sphere,0,1,QRAdamSP,none,0.6926757595,2,0,-1
200,1,422,0.1559548378,sphere,0,1,ScrHammersleySearchPlusMiddlePoint,none,0.0025396097,2,0,-1
200,1,422,0.0507438183,sphere,0,1,discreteinocDE,none,1.024794742,2,0,-1
200,1,422,0.0176200867,sphere,0,1,repeatABitdiscretehyperinocDE,none,3.2254633027,2,0,-1
200,1,422,0.0531647205,sphere,0,1,twopointsDiscreteDE,none,0.0554964009,2,0,-1
200,1,422,0.0740041733,sphere,0.2,1,FixedNFdiscreteDE,none,0.035981342,2,0,-1
200,1,422,0.179915905,sphere,0.2,1,LargeScrHaltonSearch,none,50.2274082094,2,0,-1
200,1,422,0.0799529552,sphere,0.2,1,NFtwopointsDiscreteDE,none,0.2194302689,2,0,-1
200,1,258,0.0028877258,sphere,0.2,1,Powell,none,0,2,0,-1
200,1,422,0.1796412468,sphere,0.2,1,ScrHammersleySearch,none,1.0793016324,2,0,-1
200,1,422,0.0689475536,sphere,0.2,1,discretehyperinocDE,none,0.5821764711,2,0,-1
200,1,422,0.0391776562,sphere,0.2,1,repeatABitdiscreteDE,none,0.2881490612,2,0,-1
200,1,422,0.0807840824,sphere,0.2,1,twopointsDE,none,0.0704595477,2,0,-1
400,1,622,0.4010596275,sphere,0,1,LargeHammersleySearchPlusMiddlePoint,none,3.2996396288,2,0,-1
400,1,622,0.1550891399,sphere,0,1,NFonepointDiscreteDE,none,0.0057850703,2,0,-1
400,1,622,0.0814144611,sphere,0,1,PortfolioOptimisticNoisyDiscreteOnePlusOneOptimizer,none,0.0358348949,2,0,-1
400,1,622,0.40021348,sphere,0,1,ScrHaltonSearchPlusMiddlePoint,none,0.0094833047,2,0,-1
400,1,622,0.1176948547,sphere,0,1,discreteDE,none,0.1192683509,2,0,-1
400,1,622,0.0403206348,sphere,0,1,repeatABitDE,none,0.2859741035,2,0,-1
400,1,622,0.1980783939,sphere,0,1,rotinvDE,none,2.2271E-06,2,0,-1
400,1,622,0.0893745422,sphere,0.2,1,DoubleDoerrOptimisticNoisyDiscreteOnePlusOneOptimizer,none,0.4883159554,2,0,-1
400,1,622,0.4511582851,sphere,0.2,1,LargeHammersleySearch,none,43.7443921643,2,0,-1
400,1,285,0.0057253838,sphere,0.2,1,MultiSQP,none,0,2,0,-1
400,1,622,0.2291400433,sphere,0.2,1,PortfolioDiscreteOnePlusOneOptimizer,none,0.0113627323,2,0,-1
400,1,622,0.4467806816,sphere,0.2,1,ScrHaltonSearch,none,0.6746728468,2,0,-1
400,1,622,0.2211205959,sphere,0.2,1,TBPSAOptimizer,none,0.0630967222,2,0,-1
400,1,622,0.1833946705,sphere,0.2,1,porDiscreteDE,none,0.0208137591,2,0,-1
400,1,622,0.0695812702,sphere,0.2,1,repeatinocDE,none,0.1197526526,2,0,-1
800,1,1022,0.1050009727,sphere,0,1,DoerrOptimisticNoisyDiscreteOnePlusOneOptimizer,none,0.0537791188,2,0,-1
800,1,1022,1.1452653408,sphere,0,1,LargeHaltonSearchPlusMiddlePoint,none,1.0670721861,2,0,-1
800,1,528,0.0170969963,sphere,0,1,MultiPowell,none,0,2,0,-1
800,1,1022,0.1037533283,sphere,0,1,OptimisticNoisyDiscreteOnePlusOneOptimizer,none,0.051004756,2,0,-1
800,1,231,0.0019154549,sphere,0,1,SQP,none,0,2,0,-1
800,1,1022,0.8328118324,sphere,0,1,Stupid,none,3.2194127654,2,0,-1
800,1,1022,0.7370827198,sphere,0,1,porDE,none,0.0028369749,2,0,-1
800,1,1022,0.0623273849,sphere,0,1,repeatdiscreteinocDE,none,0.2780475485,2,0,-1
800,1,1022,0.9764983654,sphere,0.2,1,DiscreteSSNEA,none,0.3366798472,2,0,-1
800,1,1022,1.2561678886,sphere,0.2,1,LargeHaltonSearch,none,2.7285652285,2,0,-1
800,1,882,0.0455231667,sphere,0.2,1,MultiNM,none,4E-10,2,0,-1
800,1,1022,0.9404783249,sphere,0.2,1,OnePlusOneOptimizer,none,0.2064361161,2,0,-1
800,1,1022,1.2388088703,sphere,0.2,1,RescaleScrHammersleySearch,none,1.2079116992,2,0,-1
800,1,1022,1.2942531109,sphere,0.2,1,SmallScrHammersleySearchPlusMiddlePoint,none,0.3450158842,2,0,-1
800,1,1022,0.391520977,sphere,0.2,1,onepointDiscreteDE,none,0.0346773462,2,0,-1
800,1,1022,0.1289582253,sphere,0.2,1,repeatdiscretehyperinocDE,none,0.13361575,2,0,-1
200,1,422,0.091244936,sphere,0,1,DiscreteSSNEA,none,0.0258809771,2,0,-1
200,1,422,0.1801950932,sphere,0,1,LargeHaltonSearch,none,37.6892310969,2,0,-1
200,1,422,0.0849163532,sphere,0,1,OnePlusOneOptimizer,none,0,2,0,-1
200,1,422,0.1634700298,sphere,0,1,RescaleScrHammersleySearch,none,0.0388534291,2,0,-1
200,1,422,0.1691222191,sphere,0,1,SmallScrHammersleySearchPlusMiddlePoint,none,0.768279706,2,0,-1
200,1,422,0.0547816753,sphere,0,1,onepointDiscreteDE,none,0.0382218725,2,0,-1
200,1,422,0.016071558,sphere,0,1,repeatdiscretehyperinocDE,none,0.8082508166,2,0,-1
200,1,422,0.0786163807,sphere,0.2,1,DiscreteOnePlusOneOptimizer,none,0.9244163608,2,0,-1
200,1,422,0.1923444271,sphere,0.2,1,LHSSearch,none,0.5922883724,2,0,-1
200,1,422,0.1180310249,sphere,0.2,1,O101,none,1.2313558291,2,0,-1
200,1,422,0.0619649887,sphere,0.2,1,RecombiningPortfolioOptimisticNoisyDiscreteOnePlusOneOptimizer,none,0.0078320578,2,0,-1
200,1,422,0.1904327869,sphere,0.2,1,SmallScrHaltonSearchPlusMiddlePoint,none,5.0280423349,2,0,-1
200,1,422,0.0850996971,sphere,0.2,1,onepointDE,none,0.6746453555,2,0,-1
200,1,422,0.0376553535,sphere,0.2,1,repeatdiscreteDE,none,0.7651587649,2,0,-1
400,1,622,0.2106654644,sphere,0,1,DE,none,2.42103E-05,2,0,-1
400,1,622,0.417201519,sphere,0,1,HammersleySearchPlusMiddlePoint,none,0.0021368898,2,0,-1
400,1,622,0.2527222633,sphere,0,1,LargerScaleRandomSearchPlusMiddlePoint,none,0.6299980252,2,0,-1
400,1,622,0.0463969707,sphere,0,1,NoisyDiscreteOnePlusOneOptimizer,none,0.7745234821,2,0,-1
400,1,622,0.049353838,sphere,0,1,RecombiningOptimisticNoisyDiscreteOnePlusOneOptimizer,none,0.2956327038,2,0,-1
400,1,622,0.2510485649,sphere,0,1,SmallScaleRandomSearchPlusMiddlePoint,none,0.3648490409,2,0,-1
400,1,622,0.205378294,sphere,0,1,noisyDE,none,4.46482E-05,2,0,-1
400,1,622,0.034744978,sphere,0,1,repeatDE,none,0.4219675864,2,0,-1
400,1,257,0.0023906231,sphere,0.2,1,Cobyla,none,4E-09,2,0,-1
400,1,622,0.4811201096,sphere,0.2,1,HammersleySearch,none,0.4071322846,2,0,-1
400,1,622,0.4782345295,sphere,0.2,1,LargeScrHammersleySearchPlusMiddlePoint,none,3.7854319789,2,0,-1
400,1,622,0.1742248535,sphere,0.2,1,NoisyBandit,none,0.4948957284,2,0,-1
400,1,622,0.2960734367,sphere,0.2,1,RandomSearchPlusMiddlePoint,none,2.2480980226,2,0,-1
400,1,622,0.4723317623,sphere,0.2,1,SmallHammersleySearchPlusMiddlePoint,none,2.6455201495,2,0,-1
400,1,622,0.245361805,sphere,0.2,1,inocDE,none,0.4928895928,2,0,-1
400,1,622,0.0832562447,sphere,0.2,1,repeatABitinocDE,none,0.6151912393,2,0,-1
800,1,1022,1.1864743233,sphere,0,1,HaltonSearchPlusMiddlePoint,none,0.0001266101,2,0,-1
800,1,1022,1.1780309677,sphere,0,1,LargeScrHammersleySearch,none,14.2892369589,2,0,-1
800,1,1022,0.7065052986,sphere,0,1,NaiveTBPSAOptimizer,none,1E-10,2,0,-1
800,1,1022,0.8515200615,sphere,0,1,RandomSearch,none,0.0025370307,2,0,-1
800,1,1022,1.1866333485,sphere,0,1,SmallHaltonSearchPlusMiddlePoint,none,3.0988802531,2,0,-1
800,1,1022,0.7531490326,sphere,0,1,fullynoisyDE,none,0.0001703698,2,0,-1
800,1,1022,0.0870132446,sphere,0,1,repeatABitdiscreteinocDE,none,1.2605657026,2,0,-1
800,1,1022,0.9887466431,sphere,0.2,1,AdamSP,none,1.704205308,2,0,-1
800,1,1022,1.2952940464,sphere,0.2,1,HaltonSearch,none,2.2567736981,2,0,-1
800,1,1022,1.2889976501,sphere,0.2,1,LargeScrHaltonSearchPlusMiddlePoint,none,0.0649797847,2,0,-1
800,1,337,0.0093591213,sphere,0.2,1,NM,none,3E-09,2,0,-1
800,1,1022,1.3489851952,sphere,0.2,1,QRAdamSP,none,2.7442369539,2,0,-1
800,1,1022,1.3170897961,sphere,0.2,1,ScrHammersleySearchPlusMiddlePoint,none,0.816646144,2,0,-1
800,1,1022,0.3968801498,sphere,0.2,1,discreteinocDE,none,0.0572468833,2,0,-1
800,1,1022,0.1482379436,sphere,0.2,1,repeatABitdiscretehyperinocDE,none,7.3110900669,2,0,-1
800,1,1022,0.4187698364,sphere,0.2,1,twopointsDiscreteDE,none,0.2001275306,2,0,-1
200,1,422,0.1654391289,sphere,0,1,HaltonSearchPlusMiddlePoint,none,0.0333200377,2,0,-1
200,1,422,0.1667616367,sphere,0,1,LargeScrHammersleySearch,none,29.6949293596,2,0,-1
200,1,422,0.0614533424,sphere,0,1,NaiveTBPSAOptimizer,none,8.2637E-06,2,0,-1
200,1,422,0.0849525928,sphere,0,1,RandomSearch,none,0.0360093296,2,0,-1
200,1,422,0.1674027443,sphere,0,1,SmallHaltonSearchPlusMiddlePoint,none,1.062235583,2,0,-1
200,1,422,0.0690062046,sphere,0,1,fullynoisyDE,none,0.0008351437,2,0,-1
200,1,422,0.0229048729,sphere,0,1,repeatABitdiscreteinocDE,none,2.703286848,2,0,-1
200,1,422,0.12064147,sphere,0.2,1,AdamSP,none,2.6773180787,2,0,-1
200,1,422,0.1941592693,sphere,0.2,1,HaltonSearch,none,1.6770656437,2,0,-1
200,1,422,0.195800066,sphere,0.2,1,LargeScrHaltonSearchPlusMiddlePoint,none,0.4700570682,2,0,-1
200,1,354,0.0109684467,sphere,0.2,1,NM,none,2E-10,2,0,-1
200,1,422,0.2120673656,sphere,0.2,1,QRAdamSP,none,1.7492494775,2,0,-1
200,1,422,0.1953382492,sphere,0.2,1,ScrHammersleySearchPlusMiddlePoint,none,0.3126581499,2,0,-1
200,1,422,0.0782048702,sphere,0.2,1,discreteinocDE,none,0.1142295167,2,0,-1
200,1,422,0.0404875278,sphere,0.2,1,repeatABitdiscretehyperinocDE,none,5.2613757998,2,0,-1
200,1,422,0.0832853317,sphere,0.2,1,twopointsDiscreteDE,none,0.2135703963,2,0,-1
400,1,622,0.166670084,sphere,0,1,FixedNFdiscreteDE,none,0.0004826937,2,0,-1
400,1,622,0.4276123047,sphere,0,1,LargeScrHaltonSearch,none,35.953197826,2,0,-1
400,1,622,0.1629402637,sphere,0,1,NFtwopointsDiscreteDE,none,0.0063400579,2,0,-1
400,1,258,0.0035221577,sphere,0,1,Powell,none,0,2,0,-1
400,1,622,0.4365653992,sphere,0,1,ScrHammersleySearch,none,0.0018259211,2,0,-1
400,1,622,0.1064984798,sphere,0,1,discretehyperinocDE,none,0.1753793793,2,0,-1
400,1,622,0.0446267128,sphere,0,1,repeatABitdiscreteDE,none,0.0804058783,2,0,-1
400,1,622,0.2179424763,sphere,0,1,twopointsDE,none,0.0036760899,2,0,-1
400,1,622,0.4866013527,sphere,0.2,1,LargeHammersleySearchPlusMiddlePoint,none,0.510122514,2,0,-1
400,1,622,0.2206192017,sphere,0.2,1,NFonepointDiscreteDE,none,0.0145478725,2,0,-1
400,1,622,0.1434822083,sphere,0.2,1,PortfolioOptimisticNoisyDiscreteOnePlusOneOptimizer,none,0.1378905439,2,0,-1
400,1,622,0.4903256893,sphere,0.2,1,ScrHaltonSearchPlusMiddlePoint,none,0.0264627336,2,0,-1
400,1,622,0.2051484585,sphere,0.2,1,discreteDE,none,0.1714434156,2,0,-1
400,1,622,0.0858025551,sphere,0.2,1,repeatABitDE,none,0.0895503787,2,0,-1
400,1,622,0.2610168457,sphere,0.2,1,rotinvDE,none,0.1277861022,2,0,-1
800,1,1022,0.1123344898,sphere,0,1,DoubleDoerrOptimisticNoisyDiscreteOnePlusOneOptimizer,none,0.9508808695,2,0,-1
800,1,1022,1.2538225651,sphere,0,1,LargeHammersleySearch,none,27.5607583929,2,0,-1
800,1,294,0.0093109608,sphere,0,1,MultiSQP,none,0,2,0,-1
800,1,1022,0.7520029545,sphere,0,1,PortfolioDiscreteOnePlusOneOptimizer,none,5.14674E-05,2,0,-1
800,1,1022,1.2355034351,sphere,0,1,ScrHaltonSearch,none,0.004568495,2,0,-1
800,1,1022,0.7367761135,sphere,0,1,TBPSAOptimizer,none,0,2,0,-1
800,1,1022,0.2637341022,sphere,0,1,porDiscreteDE,none,0.0007422969,2,0,-1
800,1,1022,0.0685651302,sphere,0,1,repeatinocDE,none,0.5332814575,2,0,-1
800,1,1022,0.2067506313,sphere,0.2,1,DoerrOptimisticNoisyDiscreteOnePlusOneOptimizer,none,0.1309650953,2,0,-1
800,1,1022,1.3491575718,sphere,0.2,1,LargeHaltonSearchPlusMiddlePoint,none,1.9753112603,2,0,-1
800,1,566,0.0210864544,sphere,0.2,1,MultiPowell,none,0,2,0,-1
800,1,1022,0.2015953064,sphere,0.2,1,OptimisticNoisyDiscreteOnePlusOneOptimizer,none,0.2726838627,2,0,-1
800,1,231,0.0024955273,sphere,0.2,1,SQP,none,0,2,0,-1
800,1,1022,0.9913229942,sphere,0.2,1,Stupid,none,6.2371928591,2,0,-1
800,1,1022,0.8673980236,sphere,0.2,1,porDE,none,0.4258283065,2,0,-1
800,1,1022,0.1478660107,sphere,0.2,1,repeatdiscreteinocDE,none,3.2416370382,2,0,-1
200,1,422,0.0913250446,sphere,0,1,AdamSP,none,0.3046591875,2,0,-1
200,1,422,0.1610877514,sphere,0,1,HaltonSearch,none,0.0532387639,2,0,-1
200,1,422,0.150342226,sphere,0,1,LargeScrHaltonSearchPlusMiddlePoint,none,0.0606780063,2,0,-1
200,1,327,0.008125782,sphere,0,1,NM,none,9E-10,2,0,-1
200,1,422,0.165122509,sphere,0,1,QRAdamSP,none,1.4618568809,2,0,-1
200,1,422,0.1527705193,sphere,0,1,ScrHammersleySearchPlusMiddlePoint,none,0.0073250172,2,0,-1
200,1,422,0.0551345348,sphere,0,1,discreteinocDE,none,0.003669917,2,0,-1
200,1,422,0.0176935196,sphere,0,1,repeatABitdiscretehyperinocDE,none,3.5430531969,2,0,-1
200,1,422,0.0510766506,sphere,0,1,twopointsDiscreteDE,none,0.0320484748,2,0,-1
200,1,422,0.0801639557,sphere,0.2,1,FixedNFdiscreteDE,none,0.0252713675,2,0,-1
200,1,422,0.1804807186,sphere,0.2,1,LargeScrHaltonSearch,none,44.65028239,2,0,-1
200,1,422,0.0793068409,sphere,0.2,1,NFtwopointsDiscreteDE,none,0.0183159414,2,0,-1
200,1,287,0.0043926239,sphere,0.2,1,Powell,none,0,2,0,-1
200,1,422,0.1827261448,sphere,0.2,1,ScrHammersleySearch,none,2.21954206,2,0,-1
200,1,422,0.0673258305,sphere,0.2,1,discretehyperinocDE,none,0.1448389867,2,0,-1
200,1,422,0.0417032242,sphere,0.2,1,repeatABitdiscreteDE,none,8.4675465427,2,0,-1
200,1,422,0.0842683315,sphere,0.2,1,twopointsDE,none,0.2838620847,2,0,-1
400,1,607,0.1832797527,sphere,0,1,FixedCMA,none,0,2,0,-1
400,1,622,0.4258067608,sphere,0,1,LargeHammersleySearchPlusMiddlePoint,none,4.8070834272,2,0,-1
400,1,622,0.1686899662,sphere,0,1,NFonepointDiscreteDE,none,0.00929064,2,0,-1
400,1,622,0.0830354691,sphere,0,1,PortfolioOptimisticNoisyDiscreteOnePlusOneOptimizer,none,0.1443579153,2,0,-1
400,1,622,0.419144392,sphere,0,1,ScrHaltonSearchPlusMiddlePoint,none,0.0046999551,2,0,-1
400,1,622,0.1153516769,sphere,0,1,discreteDE,none,0.0069241383,2,0,-1
400,1,622,0.0414128304,sphere,0,1,repeatABitDE,none,0.3103684293,2,0,-1
400,1,622,0.2083091736,sphere,0,1,rotinvDE,none,1.0844847669,2,0,-1
400,1,622,0.0927860737,sphere,0.2,1,DoubleDoerrOptimisticNoisyDiscreteOnePlusOneOptimizer,none,0.0851008643,2,0,-1
400,1,622,0.4613025188,sphere,0.2,1,LargeHammersleySearch,none,40.4060418189,2,0,-1
400,1,285,0.0058288574,sphere,0.2,1,MultiSQP,none,0,2,0,-1
400,1,622,0.2335343361,sphere,0.2,1,PortfolioDiscreteOnePlusOneOptimizer,none,0.6869843363,2,0,-1
400,1,622,0.4648225307,sphere,0.2,1,ScrHaltonSearch,none,0.1704782722,2,0,-1
400,1,622,0.2292058468,sphere,0.2,1,TBPSAOptimizer,none,0.0626073414,2,0,-1
400,1,622,0.182066679,sphere,0.2,1,porDiscreteDE,none,0.1912863398,2,0,-1
400,1,622,0.0720391273,sphere,0.2,1,repeatinocDE,none,7.0585958604,2,0,-1
800,1,1022,0.1032133102,sphere,0,1,DoerrOptimisticNoisyDiscreteOnePlusOneOptimizer,none,0.0331500783,2,0,-1
800,1,1022,1.1658372879,sphere,0,1,LargeHaltonSearchPlusMiddlePoint,none,0.3982271849,2,0,-1
800,1,534,0.018266201,sphere,0,1,MultiPowell,none,0,2,0,-1
800,1,1022,0.1079597473,sphere,0,1,OptimisticNoisyDiscreteOnePlusOneOptimizer,none,1.1573777664,2,0,-1
800,1,231,0.0017511845,sphere,0,1,SQP,none,0,2,0,-1
800,1,1022,0.8399679661,sphere,0,1,Stupid,none,7.6671973218,2,0,-1
800,1,1022,0.7498755455,sphere,0,1,porDE,none,0.0018296664,2,0,-1
800,1,1022,0.0644412041,sphere,0,1,repeatdiscreteinocDE,none,0.6928725513,2,0,-1
800,1,1022,0.9935553074,sphere,0.2,1,DiscreteSSNEA,none,0.0109236056,2,0,-1
800,1,1022,1.2765693665,sphere,0.2,1,LargeHaltonSearch,none,3.3574215935,2,0,-1
800,1,955,0.0520086288,sphere,0.2,1,MultiNM,none,4E-10,2,0,-1
800,1,1022,0.9553613663,sphere,0.2,1,OnePlusOneOptimizer,none,0.3846986414,2,0,-1
800,1,1022,1.2490391731,sphere,0.2,1,RescaleScrHammersleySearch,none,1.3907723289,2,0,-1
800,1,1022,1.2786231041,sphere,0.2,1,SmallScrHammersleySearchPlusMiddlePoint,none,0.5434339562,2,0,-1
800,1,1022,0.4253275394,sphere,0.2,1,onepointDiscreteDE,none,0.1096849641,2,0,-1
800,1,1022,0.1294429302,sphere,0.2,1,repeatdiscretehyperinocDE,none,0.1313203437,2,0,-1
200,1,422,0.0568623543,sphere,0,1,FixedNFdiscreteDE,none,0.012563398,2,0,-1
200,1,422,0.1399307251,sphere,0,1,LargeScrHaltonSearch,none,22.3016354185,2,0,-1
200,1,422,0.0573391914,sphere,0,1,NFtwopointsDiscreteDE,none,0.0857389561,2,0,-1
200,1,258,0.0027077198,sphere,0,1,Powell,none,0,2,0,-1
200,1,422,0.1405904293,sphere,0,1,ScrHammersleySearch,none,0.0136030559,2,0,-1
200,1,422,0.046526432,sphere,0,1,discretehyperinocDE,none,0.0214600821,2,0,-1
200,1,422,0.0193040371,sphere,0,1,repeatABitdiscreteDE,none,0.3350284673,2,0,-1
200,1,422,0.0636911392,sphere,0,1,twopointsDE,none,0.0009269567,2,0,-1
200,1,422,0.1630659103,sphere,0.2,1,LargeHammersleySearchPlusMiddlePoint,none,6.2789353268,2,0,-1
200,1,422,0.0786855221,sphere,0.2,1,NFonepointDiscreteDE,none,0.0654754992,2,0,-1
200,1,422,0.0567171574,sphere,0.2,1,PortfolioOptimisticNoisyDiscreteOnePlusOneOptimizer,none,0.040862866,2,0,-1
200,1,422,0.163408041,sphere,0.2,1,ScrHaltonSearchPlusMiddlePoint,none,2.2455112805,2,0,-1
200,1,422,0.0793638229,sphere,0.2,1,discreteDE,none,0.0043283415,2,0,-1
200,1,422,0.0391168594,sphere,0.2,1,repeatABitDE,none,2.4852955371,2,0,-1
200,1,422,0.0825996399,sphere,0.2,1,rotinvDE,none,0.3744051618,2,0,-1
400,1,622,0.0465409756,sphere,0,1,DoubleDoerrOptimisticNoisyDiscreteOnePlusOneOptimizer,none,0.1529830375,2,0,-1
400,1,622,0.3524010181,sphere,0,1,LargeHammersleySearch,none,25.6443544928,2,0,-1
400,1,285,0.005219698,sphere,0,1,MultiSQP,none,0,2,0,-1
400,1,622,0.1847958565,sphere,0,1,PortfolioDiscreteOnePlusOneOptimizer,none,0.0034197416,2,0,-1
400,1,622,0.3524062634,sphere,0,1,ScrHaltonSearch,none,0.021300006,2,0,-1
400,1,622,0.183562994,sphere,0,1,TBPSAOptimizer,none,3.6E-07,2,0,-1
400,1,622,0.1250731945,sphere,0,1,porDiscreteDE,none,0.010416383,2,0,-1
400,1,622,0.0346336365,sphere,0,1,repeatinocDE,none,1.6108050649,2,0,-1
400,1,622,0.0842645168,sphere,0.2,1,DoerrOptimisticNoisyDiscreteOnePlusOneOptimizer,none,3.0124783477,2,0,-1
400,1,622,0.4026784897,sphere,0.2,1,LargeHaltonSearchPlusMiddlePoint,none,1.2180433857,2,0,-1
400,1,476,0.0132086277,sphere,0.2,1,MultiPowell,none,0,2,0,-1
400,1,622,0.0830237865,sphere,0.2,1,OptimisticNoisyDiscreteOnePlusOneOptimizer,none,0.0751773031,2,0,-1
400,1,231,0.0014164448,sphere,0.2,1,SQP,none,0,2,0,-1
400,1,622,0.2723283768,sphere,0.2,1,Stupid,none,2.7685063256,2,0,-1
400,1,622,0.2378427982,sphere,0.2,1,porDE,none,0.1630485185,2,0,-1
400,1,622,0.0658171177,sphere,0.2,1,repeatdiscreteinocDE,none,0.7757315371,2,0,-1
800,1,1022,0.7790329456,sphere,0,1,DiscreteSSNEA,none,0.0006948944,2,0,-1
800,1,1022,0.9986891747,sphere,0,1,LargeHaltonSearch,none,1.4160686422,2,0,-1
800,1,941,0.0469696522,sphere,0,1,MultiNM,none,3E-10,2,0,-1
800,1,1022,0.7485868931,sphere,0,1,OnePlusOneOptimizer,none,0,2,0,-1
800,1,1022,0.988209486,sphere,0,1,RescaleScrHammersleySearch,none,0.0076093815,2,0,-1
800,1,1022,0.998187542,sphere,0,1,SmallScrHammersleySearchPlusMiddlePoint,none,0.473150477,2,0,-1
800,1,1022,0.2753698826,sphere,0,1,onepointDiscreteDE,none,0.0063573332,2,0,-1
800,1,1022,0.0542266369,sphere,0,1,repeatdiscretehyperinocDE,none,1.676218284,2,0,-1
800,1,1022,0.7246806622,sphere,0.2,1,DiscreteOnePlusOneOptimizer,none,0.4399635244,2,0,-1
800,1,1022,1.085868597,sphere,0.2,1,LHSSearch,none,0.5553733851,2,0,-1
800,1,557,0.0119051933,sphere,0.2,1,MultiCobyla,none,3.2E-09,2,0,-1
800,1,1022,0.5266189575,sphere,0.2,1,O101,none,0.2871019593,2,0,-1
800,1,1022,0.2833435535,sphere,0.2,1,RecombiningPortfolioOptimisticNoisyDiscreteOnePlusOneOptimizer,none,0.9478206282,2,0,-1
800,1,1022,1.0914413929,sphere,0.2,1,SmallScrHaltonSearchPlusMiddlePoint,none,4.0621703516,2,0,-1
800,1,1022,0.7607085705,sphere,0.2,1,onepointDE,none,0.3762612705,2,0,-1
800,1,1022,0.1303751469,sphere,0.2,1,repeatdiscreteDE,none,1.6517416462,2,0,-1
200,1,422,0.0747823715,sphere,0,1,FixedNFdiscreteDE,none,0.0044111085,2,0,-1
200,1,422,0.1875007153,sphere,0,1,LargeScrHaltonSearch,none,23.6292865937,2,0,-1
200,1,422,0.0708758831,sphere,0,1,NFtwopointsDiscreteDE,none,0.0022050994,2,0,-1
200,1,258,0.0029542446,sphere,0,1,Powell,none,0,2,0,-1
200,1,422,0.1669254303,sphere,0,1,ScrHammersleySearch,none,0.0079465174,2,0,-1
200,1,422,0.0522501469,sphere,0,1,discretehyperinocDE,none,0.0090199716,2,0,-1
200,1,422,0.0219833851,sphere,0,1,repeatABitdiscreteDE,none,0.9695581111,2,0,-1
200,1,422,0.0765111446,sphere,0,1,twopointsDE,none,0.0001897999,2,0,-1
200,1,422,0.1907951832,sphere,0.2,1,LargeHammersleySearchPlusMiddlePoint,none,1.0030500541,2,0,-1
200,1,422,0.091063261,sphere,0.2,1,NFonepointDiscreteDE,none,0.1156044604,2,0,-1
200,1,422,0.0663692951,sphere,0.2,1,PortfolioOptimisticNoisyDiscreteOnePlusOneOptimizer,none,0.3169588078,2,0,-1
200,1,422,0.189250946,sphere,0.2,1,ScrHaltonSearchPlusMiddlePoint,none,0.7393798758,2,0,-1
200,1,422,0.0883038044,sphere,0.2,1,discreteDE,none,0.0596791936,2,0,-1
200,1,422,0.0420529842,sphere,0.2,1,repeatABitDE,none,0.1946616129,2,0,-1
200,1,422,0.0956413746,sphere,0.2,1,rotinvDE,none,3.2582021739,2,0,-1
400,1,622,0.0576336384,sphere,0,1,DoubleDoerrOptimisticNoisyDiscreteOnePlusOneOptimizer,none,0.0727137343,2,0,-1
400,1,622,0.4299981594,sphere,0,1,LargeHammersleySearch,none,15.4333632199,2,0,-1
400,1,285,0.0057353973,sphere,0,1,MultiSQP,none,0,2,0,-1
400,1,622,0.2346174717,sphere,0,1,PortfolioDiscreteOnePlusOneOptimizer,none,0.0011610398,2,0,-1
400,1,622,0.4288983345,sphere,0,1,ScrHaltonSearch,none,0.0025677968,2,0,-1
400,1,622,0.2340743542,sphere,0,1,TBPSAOptimizer,none,8.658E-06,2,0,-1
400,1,622,0.1370835304,sphere,0,1,porDiscreteDE,none,0.0603778252,2,0,-1
400,1,622,0.0352222919,sphere,0,1,repeatinocDE,none,0.568044604,2,0,-1
400,1,622,0.0971422195,sphere,0.2,1,DoerrOptimisticNoisyDiscreteOnePlusOneOptimizer,none,0.2225807048,2,0,-1
400,1,622,0.4725503922,sphere,0.2,1,LargeHaltonSearchPlusMiddlePoint,none,3.9972049506,2,0,-1
400,1,474,0.0148098469,sphere,0.2,1,MultiPowell,none,0,2,0,-1
400,1,622,0.0958771706,sphere,0.2,1,OptimisticNoisyDiscreteOnePlusOneOptimizer,none,0.0402315116,2,0,-1
400,1,231,0.0014967918,sphere,0.2,1,SQP,none,0,2,0,-1
400,1,622,0.3241097927,sphere,0.2,1,Stupid,none,7.6859879556,2,0,-1
400,1,622,0.2887575626,sphere,0.2,1,porDE,none,0.8806104135,2,0,-1
400,1,622,0.0729396343,sphere,0.2,1,repeatdiscreteinocDE,none,0.899141859,2,0,-1
800,1,1022,0.9831244946,sphere,0,1,DiscreteSSNEA,none,0.0008634224,2,0,-1
800,1,1022,1.2449285984,sphere,0,1,LargeHaltonSearch,none,3.4632562741,2,0,-1
800,1,945,0.0537412167,sphere,0,1,MultiNM,none,3E-10,2,0,-1
800,1,1022,0.9602689743,sphere,0,1,OnePlusOneOptimizer,none,0,2,0,-1
800,1,1022,1.2365670204,sphere,0,1,RescaleScrHammersleySearch,none,0.0001496352,2,0,-1
800,1,1022,1.2481849194,sphere,0,1,SmallScrHammersleySearchPlusMiddlePoint,none,2.1202586356,2,0,-1
800,1,1022,0.2857801914,sphere,0,1,onepointDiscreteDE,none,0.0902794554,2,0,-1
800,1,1022,0.0544757843,sphere,0,1,repeatdiscretehyperinocDE,none,3.2823099226,2,0,-1
800,1,1022,0.9214348793,sphere,0.2,1,DiscreteOnePlusOneOptimizer,none,1.1311877778,2,0,-1
800,1,1022,1.337344408,sphere,0.2,1,LHSSearch,none,1.0785777197,2,0,-1
800,1,540,0.0123980045,sphere,0.2,1,MultiCobyla,none,3E-09,2,0,-1
800,1,1022,0.6176686287,sphere,0.2,1,O101,none,0.0211928703,2,0,-1
800,1,1022,0.3382296562,sphere,0.2,1,RecombiningPortfolioOptimisticNoisyDiscreteOnePlusOneOptimizer,none,0.1770136637,2,0,-1
800,1,1022,1.3431844711,sphere,0.2,1,SmallScrHaltonSearchPlusMiddlePoint,none,0.4536635977,2,0,-1
800,1,1022,0.9521150589,sphere,0.2,1,onepointDE,none,0.4658851506,2,0,-1
800,1,1022,0.1504631042,sphere,0.2,1,repeatdiscreteDE,none,0.6383389544,2,0,-1
200,1,260,0.0029010773,sphere,0,1,Cobyla,none,1.57E-08,2,0,-1
200,1,422,0.1338934898,sphere,0,1,HammersleySearch,none,0.0037451647,2,0,-1
200,1,422,0.131118536,sphere,0,1,LargeScrHammersleySearchPlusMiddlePoint,none,2.5612266809,2,0,-1
200,1,422,0.0794372559,sphere,0,1,NoisyBandit,none,0.7218220162,2,0,-1
200,1,422,0.0787672997,sphere,0,1,RandomSearchPlusMiddlePoint,none,0.0133205472,2,0,-1
200,1,422,0.1416606903,sphere,0,1,SmallHammersleySearchPlusMiddlePoint,none,0.4146944617,2,0,-1
200,1,422,0.0612277985,sphere,0,1,inocDE,none,0.0021989799,2,0,-1
200,1,422,0.0205879211,sphere,0,1,repeatABitinocDE,none,0.1362942639,2,0,-1
200,1,422,0.155359745,sphere,0.2,1,HaltonSearchPlusMiddlePoint,none,0.9250051116,2,0,-1
200,1,422,0.1645214558,sphere,0.2,1,LargeScrHammersleySearch,none,41.9662384201,2,0,-1
200,1,422,0.0725185871,sphere,0.2,1,NaiveTBPSAOptimizer,none,0.0250154955,2,0,-1
200,1,422,0.0972411633,sphere,0.2,1,RandomSearch,none,0.6453950968,2,0,-1
200,1,422,0.1652019024,sphere,0.2,1,SmallHaltonSearchPlusMiddlePoint,none,1.2784607403,2,0,-1
200,1,422,0.0809841156,sphere,0.2,1,fullynoisyDE,none,0.1698273841,2,0,-1
200,1,422,0.0380194187,sphere,0.2,1,repeatABitdiscreteinocDE,none,0.4899149517,2,0,-1
400,1,622,0.224817276,sphere,0,1,AdamSP,none,0.8259308675,2,0,-1
400,1,622,0.3514604568,sphere,0,1,HaltonSearch,none,0.2731126093,2,0,-1
400,1,622,0.3513607979,sphere,0,1,LargeScrHaltonSearchPlusMiddlePoint,none,1.3767795177,2,0,-1
400,1,351,0.0087664127,sphere,0,1,NM,none,5E-10,2,0,-1
400,1,622,0.3653113842,sphere,0,1,QRAdamSP,none,0.5729771962,2,0,-1
400,1,622,0.3536679745,sphere,0,1,ScrHammersleySearchPlusMiddlePoint,none,0.0033063625,2,0,-1
400,1,622,0.1225688457,sphere,0,1,discreteinocDE,none,0.0005038521,2,0,-1
400,1,622,0.0307583809,sphere,0,1,repeatABitdiscretehyperinocDE,none,1.0076641311,2,0,-1
400,1,622,0.117554903,sphere,0,1,twopointsDiscreteDE,none,0.0257447191,2,0,-1
400,1,622,0.2027280331,sphere,0.2,1,FixedNFdiscreteDE,none,0.1242669657,2,0,-1
400,1,622,0.4031617641,sphere,0.2,1,LargeScrHaltonSearch,none,29.7264220039,2,0,-1
400,1,622,0.2045333385,sphere,0.2,1,NFtwopointsDiscreteDE,none,0.0425917808,2,0,-1
400,1,258,0.0029723644,sphere,0.2,1,Powell,none,0,2,0,-1
400,1,622,0.4018065929,sphere,0.2,1,ScrHammersleySearch,none,0.1347529754,2,0,-1
400,1,622,0.1419410706,sphere,0.2,1,discretehyperinocDE,none,0.373752068,2,0,-1
400,1,622,0.0737788677,sphere,0.2,1,repeatABitdiscreteDE,none,2.0403416587,2,0,-1
400,1,622,0.2313921452,sphere,0.2,1,twopointsDE,none,0.5221144108,2,0,-1
800,1,667,0.1835494041,sphere,0,1,FixedCMA,none,0,2,0,-1
800,1,1022,0.989171505,sphere,0,1,LargeHammersleySearchPlusMiddlePoint,none,1.6017372535,2,0,-1
800,1,1022,0.3740301132,sphere,0,1,NFonepointDiscreteDE,none,0.0019733984,2,0,-1
800,1,1022,0.1839010715,sphere,0,1,PortfolioOptimisticNoisyDiscreteOnePlusOneOptimizer,none,0.1020142478,2,0,-1
800,1,1022,0.9958589077,sphere,0,1,ScrHaltonSearchPlusMiddlePoint,none,0.0217661524,2,0,-1
800,1,1022,0.2494888306,sphere,0,1,discreteDE,none,0.0489830089,2,0,-1
800,1,1022,0.077149868,sphere,0,1,repeatABitDE,none,0.0122446724,2,0,-1
800,1,1022,0.6549003124,sphere,0,1,rotinvDE,none,0.0498100176,2,0,-1
800,1,1022,0.1826884747,sphere,0.2,1,DoubleDoerrOptimisticNoisyDiscreteOnePlusOneOptimizer,none,0.2403536763,2,0,-1
800,1,1022,1.0770094395,sphere,0.2,1,LargeHammersleySearch,none,35.7811118583,2,0,-1
800,1,294,0.0059452057,sphere,0.2,1,MultiSQP,none,0,2,0,-1
800,1,1022,0.711337328,sphere,0.2,1,PortfolioDiscreteOnePlusOneOptimizer,none,0.1905289858,2,0,-1
800,1,1022,1.0814797878,sphere,0.2,1,ScrHaltonSearch,none,0.7282240627,2,0,-1
800,1,1022,0.693543911,sphere,0.2,1,TBPSAOptimizer,none,0.0083837862,2,0,-1
800,1,1022,0.4083650112,sphere,0.2,1,porDiscreteDE,none,0.0251458349,2,0,-1
800,1,1022,0.1330368519,sphere,0.2,1,repeatinocDE,none,0.622647289,2,0,-1
200,1,422,0.026715517,sphere,0,1,DoubleDoerrOptimisticNoisyDiscreteOnePlusOneOptimizer,none,0.6539535188,2,0,-1
200,1,422,0.1440587044,sphere,0,1,LargeHammersleySearch,none,58.2919409501,2,0,-1
200,1,285,0.0056099892,sphere,0,1,MultiSQP,none,0,2,0,-1
200,1,422,0.0574398041,sphere,0,1,PortfolioDiscreteOnePlusOneOptimizer,none,0.0025152771,2,0,-1
200,1,422,0.1432805061,sphere,0,1,ScrHaltonSearch,none,0.0244823867,2,0,-1
200,1,422,0.0516946316,sphere,0,1,TBPSAOptimizer,none,2.42423E-05,2,0,-1
200,1,422,0.0486738682,sphere,0,1,porDiscreteDE,none,0.0136835098,2,0,-1
200,1,422,0.0144069195,sphere,0,1,repeatinocDE,none,1.2832778832,2,0,-1
200,1,422,0.0394425392,sphere,0.2,1,DoerrOptimisticNoisyDiscreteOnePlusOneOptimizer,none,0.5467614806,2,0,-1
200,1,422,0.1645829678,sphere,0.2,1,LargeHaltonSearchPlusMiddlePoint,none,1.7963421695,2,0,-1
200,1,422,0.0409448147,sphere,0.2,1,OptimisticNoisyDiscreteOnePlusOneOptimizer,none,4.0761428182,2,0,-1
200,1,231,0.0017020702,sphere,0.2,1,SQP,none,0,2,0,-1
200,1,422,0.1030507088,sphere,0.2,1,Stupid,none,5.2788235383,2,0,-1
200,1,422,0.0822899342,sphere,0.2,1,porDE,none,3.2162615678,2,0,-1
200,1,422,0.0349681377,sphere,0.2,1,repeatdiscreteinocDE,none,1.274996027,2,0,-1
400,1,622,0.245634079,sphere,0,1,DiscreteSSNEA,none,0.0031576919,2,0,-1
400,1,622,0.3592665195,sphere,0,1,LargeHaltonSearch,none,44.6988119796,2,0,-1
400,1,622,0.2283527851,sphere,0,1,OnePlusOneOptimizer,none,0,2,0,-1
400,1,622,0.3584179878,sphere,0,1,RescaleScrHammersleySearch,none,0.0172528166,2,0,-1
400,1,622,0.3622300625,sphere,0,1,SmallScrHammersleySearchPlusMiddlePoint,none,1.5119947446,2,0,-1
400,1,622,0.1110208035,sphere,0,1,onepointDiscreteDE,none,0.0778982943,2,0,-1
400,1,622,0.0241091251,sphere,0,1,repeatdiscretehyperinocDE,none,1.3877153126,2,0,-1
400,1,622,0.2188141346,sphere,0.2,1,DiscreteOnePlusOneOptimizer,none,0.7806383201,2,0,-1
400,1,622,0.4115300179,sphere,0.2,1,LHSSearch,none,0.1309458664,2,0,-1
400,1,489,0.0102880001,sphere,0.2,1,MultiCobyla,none,3.8E-09,2,0,-1
400,1,622,0.2369718552,sphere,0.2,1,O101,none,0.1842194862,2,0,-1
400,1,622,0.1276249886,sphere,0.2,1,RecombiningPortfolioOptimisticNoisyDiscreteOnePlusOneOptimizer,none,0.5950144359,2,0,-1
400,1,622,0.4113991261,sphere,0.2,1,SmallScrHaltonSearchPlusMiddlePoint,none,2.0772419618,2,0,-1
400,1,622,0.2348060608,sphere,0.2,1,onepointDE,none,0.685038095,2,0,-1
400,1,622,0.0642499924,sphere,0.2,1,repeatdiscreteDE,none,0.0582890148,2,0,-1
800,1,1022,0.701043129,sphere,0,1,DE,none,0.0008674706,2,0,-1
800,1,1022,1.0236907005,sphere,0,1,HammersleySearchPlusMiddlePoint,none,0.0114116499,2,0,-1
800,1,1022,0.7566242218,sphere,0,1,LargerScaleRandomSearchPlusMiddlePoint,none,2.5557101631,2,0,-1
800,1,1022,0.0917637348,sphere,0,1,NoisyDiscreteOnePlusOneOptimizer,none,0.852601582,2,0,-1
800,1,1022,0.1027476788,sphere,0,1,RecombiningOptimisticNoisyDiscreteOnePlusOneOptimizer,none,0.5768679156,2,0,-1
800,1,1022,0.7460505962,sphere,0,1,SmallScaleRandomSearchPlusMiddlePoint,none,0.6620698415,2,0,-1
800,1,1022,0.6936597824,sphere,0,1,noisyDE,none,9.2705E-06,2,0,-1
800,1,1022,0.0600824356,sphere,0,1,repeatDE,none,1.8505082,2,0,-1
800,1,263,0.0023629665,sphere,0.2,1,Cobyla,none,6.3E-09,2,0,-1
800,1,1022,1.1325559616,sphere,0.2,1,HammersleySearch,none,1.495112565,2,0,-1
800,1,1022,1.1052861214,sphere,0.2,1,LargeScrHammersleySearchPlusMiddlePoint,none,1.7187174884,2,0,-1
800,1,1022,0.3479292393,sphere,0.2,1,NoisyBandit,none,0.2444537973,2,0,-1
800,1,1022,0.8578903675,sphere,0.2,1,RandomSearchPlusMiddlePoint,none,2.4992240723,2,0,-1
800,1,1022,1.1149687767,sphere,0.2,1,SmallHammersleySearchPlusMiddlePoint,none,0.0360372383,2,0,-1
800,1,1022,0.7680552006,sphere,0.2,1,inocDE,none,0.3719199263,2,0,-1
800,1,1022,0.1485424042,sphere,0.2,1,repeatABitinocDE,none,1.9467501739,2,0,-1
200,1,422,0.1337544918,sphere,0,1,LargeHammersleySearchPlusMiddlePoint,none,1.6199738291,2,0,-1
200,1,422,0.0564937592,sphere,0,1,NFonepointDiscreteDE,none,0.0334453633,2,0,-1
200,1,422,0.0348618031,sphere,0,1,PortfolioOptimisticNoisyDiscreteOnePlusOneOptimizer,none,0.034976885,2,0,-1
200,1,422,0.1419274807,sphere,0,1,ScrHaltonSearchPlusMiddlePoint,none,0.0446689938,2,0,-1
200,1,422,0.0542905331,sphere,0,1,discreteDE,none,0.02835163,2,0,-1
200,1,422,0.0203659534,sphere,0,1,repeatABitDE,none,0.7486712327,2,0,-1
200,1,422,0.0618927479,sphere,0,1,rotinvDE,none,0.0007471227,2,0,-1
200,1,422,0.0414645672,sphere,0.2,1,DoubleDoerrOptimisticNoisyDiscreteOnePlusOneOptimizer,none,3.5131236896,2,0,-1
200,1,422,0.1674184799,sphere,0.2,1,LargeHammersleySearch,none,51.0211886388,2,0,-1
200,1,285,0.005282402,sphere,0.2,1,MultiSQP,none,0,2,0,-1
200,1,422,0.0712177753,sphere,0.2,1,PortfolioDiscreteOnePlusOneOptimizer,none,0.1577726034,2,0,-1
200,1,422,0.1579051018,sphere,0.2,1,ScrHaltonSearch,none,1.3446185216,2,0,-1
200,1,422,0.0734238625,sphere,0.2,1,TBPSAOptimizer,none,0.023586514,2,0,-1
200,1,422,0.0776848793,sphere,0.2,1,porDiscreteDE,none,0.4678216583,2,0,-1
200,1,422,0.035633564,sphere,0.2,1,repeatinocDE,none,0.053334518,2,0,-1
400,1,622,0.0477395058,sphere,0,1,DoerrOptimisticNoisyDiscreteOnePlusOneOptimizer,none,2.0938628237,2,0,-1
400,1,622,0.3544831276,sphere,0,1,LargeHaltonSearchPlusMiddlePoint,none,1.0492697013,2,0,-1
400,1,473,0.0125939846,sphere,0,1,MultiPowell,none,0,2,0,-1
400,1,622,0.0431227684,sphere,0,1,OptimisticNoisyDiscreteOnePlusOneOptimizer,none,0.0609135169,2,0,-1
400,1,231,0.0013408661,sphere,0,1,SQP,none,0,2,0,-1
400,1,622,0.2274656296,sphere,0,1,Stupid,none,2.2820774706,2,0,-1
400,1,622,0.1937537193,sphere,0,1,porDE,none,9.2816E-06,2,0,-1
400,1,622,0.0326659679,sphere,0,1,repeatdiscreteinocDE,none,0.3633902221,2,0,-1
400,1,622,0.278676033,sphere,0.2,1,DiscreteSSNEA,none,1.0343956788,2,0,-1
400,1,622,0.3989267349,sphere,0.2,1,LargeHaltonSearch,none,57.2512751455,2,0,-1
400,1,622,0.2656290531,sphere,0.2,1,OnePlusOneOptimizer,none,0.078586554,2,0,-1
400,1,622,0.4017653465,sphere,0.2,1,RescaleScrHammersleySearch,none,3.5014305098,2,0,-1
400,1,622,0.3935508728,sphere,0.2,1,SmallScrHammersleySearchPlusMiddlePoint,none,1.8019969121,2,0,-1
400,1,622,0.1483578682,sphere,0.2,1,onepointDiscreteDE,none,0.1570021514,2,0,-1
400,1,622,0.0627794266,sphere,0.2,1,repeatdiscretehyperinocDE,none,0.4776683615,2,0,-1
800,1,1022,0.6408059597,sphere,0,1,DiscreteOnePlusOneOptimizer,none,1.16517E-05,2,0,-1
800,1,1022,1.0041406155,sphere,0,1,LHSSearch,none,0.0045968237,2,0,-1
800,1,543,0.0114667416,sphere,0,1,MultiCobyla,none,1.4E-09,2,0,-1
800,1,1022,0.4104404449,sphere,0,1,O101,none,0.005575373,2,0,-1
800,1,1022,0.1865465641,sphere,0,1,RecombiningPortfolioOptimisticNoisyDiscreteOnePlusOneOptimizer,none,0.2090596517,2,0,-1
800,1,1022,1.002532959,sphere,0,1,SmallScrHaltonSearchPlusMiddlePoint,none,2.3023414212,2,0,-1
800,1,1022,0.6706252098,sphere,0,1,onepointDE,none,0.4692629667,2,0,-1
800,1,1022,0.0632104874,sphere,0,1,repeatdiscreteDE,none,1.0848901301,2,0,-1
800,1,1022,0.7547228336,sphere,0.2,1,DE,none,0.558635053,2,0,-1
800,1,1022,1.0952591896,sphere,0.2,1,HammersleySearchPlusMiddlePoint,none,0.8784402842,2,0,-1
800,1,1022,0.8768889904,sphere,0.2,1,LargerScaleRandomSearchPlusMiddlePoint,none,0.0869488087,2,0,-1
800,1,1022,0.160959959,sphere,0.2,1,NoisyDiscreteOnePlusOneOptimizer,none,2.4355549025,2,0,-1
800,1,1022,0.1823306084,sphere,0.2,1,RecombiningOptimisticNoisyDiscreteOnePlusOneOptimizer,none,0.4820931973,2,0,-1
800,1,1022,0.8215014935,sphere,0.2,1,SmallScaleRandomSearchPlusMiddlePoint,none,0.4533468445,2,0,-1
800,1,1022,0.7364461422,sphere,0.2,1,noisyDE,none,0.0797086752,2,0,-1
800,1,1022,0.1352484226,sphere,0.2,1,repeatDE,none,1.1568378641,2,0,-1
200,1,422,0.1399698257,sphere,0,1,LargeHammersleySearchPlusMiddlePoint,none,0.6001272046,2,0,-1
200,1,422,0.0566165447,sphere,0,1,NFonepointDiscreteDE,none,0.0006455668,2,0,-1
200,1,422,0.0364398956,sphere,0,1,PortfolioOptimisticNoisyDiscreteOnePlusOneOptimizer,none,0.3424887344,2,0,-1
200,1,422,0.1453440189,sphere,0,1,ScrHaltonSearchPlusMiddlePoint,none,0.0016026788,2,0,-1
200,1,422,0.0578699112,sphere,0,1,discreteDE,none,0.0038265433,2,0,-1
200,1,422,0.0215322971,sphere,0,1,repeatABitDE,none,0.1511746551,2,0,-1
200,1,422,0.0638659,sphere,0,1,rotinvDE,none,0.0003105396,2,0,-1
200,1,422,0.0432715416,sphere,0.2,1,DoubleDoerrOptimisticNoisyDiscreteOnePlusOneOptimizer,none,0.1559096032,2,0,-1
200,1,422,0.1701385975,sphere,0.2,1,LargeHammersleySearch,none,34.9015489948,2,0,-1
200,1,285,0.0057322979,sphere,0.2,1,MultiSQP,none,0,2,0,-1
200,1,422,0.0712463856,sphere,0.2,1,PortfolioDiscreteOnePlusOneOptimizer,none,0.1653840878,2,0,-1
200,1,422,0.1591978073,sphere,0.2,1,ScrHaltonSearch,none,0.1877635455,2,0,-1
200,1,422,0.0778672695,sphere,0.2,1,TBPSAOptimizer,none,0.0442634975,2,0,-1
200,1,422,0.0855858326,sphere,0.2,1,porDiscreteDE,none,1.7689206479,2,0,-1
200,1,422,0.0373666286,sphere,0.2,1,repeatinocDE,none,0.1298731059,2,0,-1
400,1,622,0.048879385,sphere,0,1,DoerrOptimisticNoisyDiscreteOnePlusOneOptimizer,none,0.4848735283,2,0,-1
400,1,622,0.3634505272,sphere,0,1,LargeHaltonSearchPlusMiddlePoint,none,2.366799565,2,0,-1
400,1,475,0.0147218704,sphere,0,1,MultiPowell,none,0,2,0,-1
400,1,622,0.0475831032,sphere,0,1,OptimisticNoisyDiscreteOnePlusOneOptimizer,none,0.6522010436,2,0,-1
400,1,231,0.0015437603,sphere,0,1,SQP,none,0,2,0,-1
400,1,622,0.2262151241,sphere,0,1,Stupid,none,2.6814955755,2,0,-1
400,1,622,0.1981973648,sphere,0,1,porDE,none,1.10857E-05,2,0,-1
400,1,622,0.0342929363,sphere,0,1,repeatdiscreteinocDE,none,0.9822762486,2,0,-1
400,1,622,0.2919788361,sphere,0.2,1,DiscreteSSNEA,none,1.0294418281,2,0,-1
400,1,622,0.4004430771,sphere,0.2,1,LargeHaltonSearch,none,55.8001254366,2,0,-1
400,1,622,0.2743923664,sphere,0.2,1,OnePlusOneOptimizer,none,1.4894314473,2,0,-1
400,1,622,0.3947918415,sphere,0.2,1,RescaleScrHammersleySearch,none,1.7189535212,2,0,-1
400,1,622,0.4192297459,sphere,0.2,1,SmallScrHammersleySearchPlusMiddlePoint,none,0.4617298754,2,0,-1
400,1,622,0.1807765961,sphere,0.2,1,onepointDiscreteDE,none,0.0566576585,2,0,-1
400,1,622,0.0639119148,sphere,0.2,1,repeatdiscretehyperinocDE,none,0.2279090489,2,0,-1
800,1,1022,0.6593952179,sphere,0,1,DiscreteOnePlusOneOptimizer,none,0.0002793925,2,0,-1
800,1,1022,1.0071921349,sphere,0,1,LHSSearch,none,0.0018113955,2,0,-1
800,1,515,0.011152029,sphere,0,1,MultiCobyla,none,2.7E-09,2,0,-1
800,1,1022,0.4157600403,sphere,0,1,O101,none,0.0003116743,2,0,-1
800,1,1022,0.1922271252,sphere,0,1,RecombiningPortfolioOptimisticNoisyDiscreteOnePlusOneOptimizer,none,1.3700210434,2,0,-1
800,1,1022,1.0298771858,sphere,0,1,SmallScrHaltonSearchPlusMiddlePoint,none,1.2870894481,2,0,-1
800,1,1022,0.6845932007,sphere,0,1,onepointDE,none,0.1736108495,2,0,-1
800,1,1022,0.0617976189,sphere,0,1,repeatdiscreteDE,none,0.3359878164,2,0,-1
800,1,1022,0.7668716908,sphere,0.2,1,DE,none,1.6931275044,2,0,-1
800,1,1022,1.133764267,sphere,0.2,1,HammersleySearchPlusMiddlePoint,none,1.3994938013,2,0,-1
800,1,1022,0.8112781048,sphere,0.2,1,LargerScaleRandomSearchPlusMiddlePoint,none,4.7228729186,2,0,-1
800,1,1022,0.1786472797,sphere,0.2,1,NoisyDiscreteOnePlusOneOptimizer,none,0.8346895658,2,0,-1
800,1,1022,0.1952087879,sphere,0.2,1,RecombiningOptimisticNoisyDiscreteOnePlusOneOptimizer,none,0.0069539679,2,0,-1
800,1,1022,0.8412547112,sphere,0.2,1,SmallScaleRandomSearchPlusMiddlePoint,none,2.2734916245,2,0,-1
800,1,1022,0.7397403717,sphere,0.2,1,noisyDE,none,0.3105798247,2,0,-1
800,1,1022,0.1434457302,sphere,0.2,1,repeatDE,none,3.5067504286,2,0,-1
200,1,260,0.0031657219,sphere,0,1,Cobyla,none,2.4E-09,2,0,-1
200,1,422,0.1407177448,sphere,0,1,HammersleySearch,none,0.0017814854,2,0,-1
200,1,422,0.1320898533,sphere,0,1,LargeScrHammersleySearchPlusMiddlePoint,none,0.3699987337,2,0,-1
200,1,422,0.0801355839,sphere,0,1,NoisyBandit,none,0.0067314246,2,0,-1
200,1,422,0.078990221,sphere,0,1,RandomSearchPlusMiddlePoint,none,0.0697605517,2,0,-1
200,1,422,0.1427259445,sphere,0,1,SmallHammersleySearchPlusMiddlePoint,none,0.1974735274,2,0,-1
200,1,422,0.0635318756,sphere,0,1,inocDE,none,0.0031642411,2,0,-1
200,1,422,0.0215053558,sphere,0,1,repeatABitinocDE,none,2.9155153264,2,0,-1
200,1,422,0.157558918,sphere,0.2,1,HaltonSearchPlusMiddlePoint,none,1.7527298655,2,0,-1
200,1,422,0.1677601337,sphere,0.2,1,LargeScrHammersleySearch,none,82.8007898613,2,0,-1
200,1,422,0.0778846741,sphere,0.2,1,NaiveTBPSAOptimizer,none,0.2229382047,2,0,-1
200,1,422,0.1006686687,sphere,0.2,1,RandomSearch,none,1.5891026656,2,0,-1
200,1,422,0.1661808491,sphere,0.2,1,SmallHaltonSearchPlusMiddlePoint,none,0.6718941023,2,0,-1
200,1,422,0.0841801167,sphere,0.2,1,fullynoisyDE,none,0.053720926,2,0,-1
200,1,422,0.0388660431,sphere,0.2,1,repeatABitdiscreteinocDE,none,0.6661032657,2,0,-1
400,1,622,0.2285652161,sphere,0,1,AdamSP,none,1.5191942901,2,0,-1
400,1,622,0.3590931892,sphere,0,1,HaltonSearch,none,0.0053173874,2,0,-1
400,1,622,0.3520562649,sphere,0,1,LargeScrHaltonSearchPlusMiddlePoint,none,1.2016363865,2,0,-1
400,1,340,0.0080220699,sphere,0,1,NM,none,7E-10,2,0,-1
400,1,622,0.3779332638,sphere,0,1,QRAdamSP,none,4.4998783551,2,0,-1
400,1,622,0.3580439091,sphere,0,1,ScrHammersleySearchPlusMiddlePoint,none,0.0362899092,2,0,-1
400,1,622,0.1164059639,sphere,0,1,discreteinocDE,none,0.0039797943,2,0,-1
400,1,622,0.0317995548,sphere,0,1,repeatABitdiscretehyperinocDE,none,0.0235202684,2,0,-1
400,1,622,0.1104152203,sphere,0,1,twopointsDiscreteDE,none,0.0527205947,2,0,-1
400,1,622,0.2111151218,sphere,0.2,1,FixedNFdiscreteDE,none,0.0067206128,2,0,-1
400,1,622,0.4024386406,sphere,0.2,1,LargeScrHaltonSearch,none,42.7980455358,2,0,-1
400,1,622,0.2183918953,sphere,0.2,1,NFtwopointsDiscreteDE,none,0.0834143441,2,0,-1
400,1,258,0.0029573441,sphere,0.2,1,Powell,none,0,2,0,-1
400,1,622,0.4137227535,sphere,0.2,1,ScrHammersleySearch,none,0.5659525921,2,0,-1
400,1,622,0.1490521431,sphere,0.2,1,discretehyperinocDE,none,0.1793061823,2,0,-1
400,1,622,0.0777680874,sphere,0.2,1,repeatABitdiscreteDE,none,2.625682214,2,0,-1
400,1,622,0.2362730503,sphere,0.2,1,twopointsDE,none,0.9897403862,2,0,-1
800,1,673,0.1687786579,sphere,0,1,FixedCMA,none,0,2,0,-1
800,1,1022,1.0060904026,sphere,0,1,LargeHammersleySearchPlusMiddlePoint,none,0.559707547,2,0,-1
800,1,1022,0.372931242,sphere,0,1,NFonepointDiscreteDE,none,0.0002923742,2,0,-1
800,1,1022,0.1878874302,sphere,0,1,PortfolioOptimisticNoisyDiscreteOnePlusOneOptimizer,none,0.0040551305,2,0,-1
800,1,1022,1.0141994953,sphere,0,1,ScrHaltonSearchPlusMiddlePoint,none,0.0017548201,2,0,-1
800,1,1022,0.2397937775,sphere,0,1,discreteDE,none,0.0016041754,2,0,-1
800,1,1022,0.0790195465,sphere,0,1,repeatABitDE,none,0.0081245232,2,0,-1
800,1,1022,0.6730673313,sphere,0,1,rotinvDE,none,2.671E-07,2,0,-1
800,1,1022,0.1884129047,sphere,0.2,1,DoubleDoerrOptimisticNoisyDiscreteOnePlusOneOptimizer,none,0.1794728152,2,0,-1
800,1,1022,1.0831735134,sphere,0.2,1,LargeHammersleySearch,none,23.0758163152,2,0,-1
800,1,294,0.0061392784,sphere,0.2,1,MultiSQP,none,0,2,0,-1
800,1,1022,0.7323269844,sphere,0.2,1,PortfolioDiscreteOnePlusOneOptimizer,none,1.4045735704,2,0,-1
800,1,1022,1.0857694149,sphere,0.2,1,ScrHaltonSearch,none,3.0496571675,2,0,-1
800,1,1022,0.7204651833,sphere,0.2,1,TBPSAOptimizer,none,0.0058458126,2,0,-1
800,1,1022,0.3914000988,sphere,0.2,1,porDiscreteDE,none,0.2139417979,2,0,-1
800,1,1022,0.1594984531,sphere,0.2,1,repeatinocDE,none,0.0470671389,2,0,-1
200,1,422,0.0585536957,sphere,0,1,DiscreteOnePlusOneOptimizer,none,6.85808E-05,2,0,-1
200,1,422,0.1590166092,sphere,0,1,LHSSearch,none,0.2461102862,2,0,-1
200,1,422,0.0864377022,sphere,0,1,O101,none,8.4606E-06,2,0,-1
200,1,422,0.0390501022,sphere,0,1,RecombiningPortfolioOptimisticNoisyDiscreteOnePlusOneOptimizer,none,0.2119623491,2,0,-1
200,1,422,0.1595256329,sphere,0,1,SmallScrHaltonSearchPlusMiddlePoint,none,1.0868237111,2,0,-1
200,1,422,0.0652427673,sphere,0,1,onepointDE,none,0.0006688277,2,0,-1
200,1,422,0.0189921856,sphere,0,1,repeatdiscreteDE,none,0.4530789387,2,0,-1
200,1,422,0.088133812,sphere,0.2,1,DE,none,0.8349605026,2,0,-1
200,1,422,0.1866304874,sphere,0.2,1,HammersleySearchPlusMiddlePoint,none,5.7964846461,2,0,-1
200,1,422,0.1079745293,sphere,0.2,1,LargerScaleRandomSearchPlusMiddlePoint,none,1.8277991155,2,0,-1
200,1,422,0.045191288,sphere,0.2,1,NoisyDiscreteOnePlusOneOptimizer,none,0.7850660169,2,0,-1
200,1,422,0.0466561317,sphere,0.2,1,RecombiningOptimisticNoisyDiscreteOnePlusOneOptimizer,none,3.844068663,2,0,-1
200,1,422,0.1084208488,sphere,0.2,1,SmallScaleRandomSearchPlusMiddlePoint,none,0.9174376535,2,0,-1
200,1,422,0.0883581638,sphere,0.2,1,noisyDE,none,0.1482999918,2,0,-1
200,1,422,0.0398080349,sphere,0.2,1,repeatDE,none,10.1917067928,2,0,-1
400,1,263,0.0031151772,sphere,0,1,Cobyla,none,6.6E-09,2,0,-1
400,1,622,0.40330863,sphere,0,1,HammersleySearch,none,0.0019378663,2,0,-1
400,1,622,0.405780077,sphere,0,1,LargeScrHammersleySearchPlusMiddlePoint,none,0.2818814717,2,0,-1
400,1,622,0.1347122192,sphere,0,1,NoisyBandit,none,0.4661944302,2,0,-1
400,1,622,0.2494666576,sphere,0,1,RandomSearchPlusMiddlePoint,none,0.0001717657,2,0,-1
400,1,622,0.4020514488,sphere,0,1,SmallHammersleySearchPlusMiddlePoint,none,3.1372206425,2,0,-1
400,1,622,0.2107768059,sphere,0,1,inocDE,none,0.000216448,2,0,-1
400,1,622,0.0440216064,sphere,0,1,repeatABitinocDE,none,2.3105452975,2,0,-1
400,1,622,0.466789484,sphere,0.2,1,HaltonSearchPlusMiddlePoint,none,0.9290935978,2,0,-1
400,1,622,0.4709362984,sphere,0.2,1,LargeScrHammersleySearch,none,24.2523895767,2,0,-1
400,1,622,0.2358615398,sphere,0.2,1,NaiveTBPSAOptimizer,none,0.2482476097,2,0,-1
400,1,622,0.3027331829,sphere,0.2,1,RandomSearch,none,4.9193737476,2,0,-1
400,1,622,0.4675505161,sphere,0.2,1,SmallHaltonSearchPlusMiddlePoint,none,4.0163642076,2,0,-1
400,1,622,0.2634119987,sphere,0.2,1,fullynoisyDE,none,0.1206053029,2,0,-1
400,1,622,0.0882315636,sphere,0.2,1,repeatABitdiscreteinocDE,none,3.957064507,2,0,-1
800,1,1022,0.8867304325,sphere,0,1,AdamSP,none,1.5950295632,2,0,-1
800,1,1022,1.1670360565,sphere,0,1,HaltonSearch,none,0.0010018596,2,0,-1
800,1,1022,1.1677982807,sphere,0,1,LargeScrHaltonSearchPlusMiddlePoint,none,2.5467834604,2,0,-1
800,1,340,0.0098729134,sphere,0,1,NM,none,1.2E-09,2,0,-1
800,1,1022,1.2092308998,sphere,0,1,QRAdamSP,none,0.5259130914,2,0,-1
800,1,1022,1.1685051918,sphere,0,1,ScrHammersleySearchPlusMiddlePoint,none,0.0036156788,2,0,-1
800,1,1022,0.3126904964,sphere,0,1,discreteinocDE,none,0.0120694816,2,0,-1
800,1,1022,0.0821919441,sphere,0,1,repeatABitdiscretehyperinocDE,none,0.6816154265,2,0,-1
800,1,1022,0.2580275536,sphere,0,1,twopointsDiscreteDE,none,0.0328746506,2,0,-1
800,1,1022,0.6761357784,sphere,0.2,1,FixedNFdiscreteDE,none,0.0492837354,2,0,-1
800,1,1022,1.282535553,sphere,0.2,1,LargeScrHaltonSearch,none,0.8278717774,2,0,-1
800,1,1022,0.6660208702,sphere,0.2,1,NFtwopointsDiscreteDE,none,0.0230359504,2,0,-1
800,1,258,0.0032830238,sphere,0.2,1,Powell,none,0,2,0,-1
800,1,1022,1.2798023224,sphere,0.2,1,ScrHammersleySearch,none,3.6669268899,2,0,-1
800,1,1022,0.3240942955,sphere,0.2,1,discretehyperinocDE,none,0.0608990023,2,0,-1
800,1,1022,0.1740837097,sphere,0.2,1,repeatABitdiscreteDE,none,0.1341547208,2,0,-1
800,1,1022,0.8265428543,sphere,0.2,1,twopointsDE,none,0.1125447504,2,0,-1
200,1,422,0.0237052441,sphere,0,1,DoubleDoerrOptimisticNoisyDiscreteOnePlusOneOptimizer,none,0.0397878454,2,0,-1
200,1,422,0.1648957729,sphere,0,1,LargeHammersleySearch,none,55.2997733508,2,0,-1
200,1,285,0.0065236092,sphere,0,1,MultiSQP,none,0,2,0,-1
200,1,422,0.0627470016,sphere,0,1,PortfolioDiscreteOnePlusOneOptimizer,none,0.001285702,2,0,-1
200,1,422,0.1662762165,sphere,0,1,ScrHaltonSearch,none,0.0002747952,2,0,-1
200,1,422,0.0607218742,sphere,0,1,TBPSAOptimizer,none,1.02318E-05,2,0,-1
200,1,422,0.0577452183,sphere,0,1,porDiscreteDE,none,0.010778559,2,0,-1
200,1,422,0.0182096958,sphere,0,1,repeatinocDE,none,2.7852265164,2,0,-1
200,1,422,0.0446875095,sphere,0.2,1,DoerrOptimisticNoisyDiscreteOnePlusOneOptimizer,none,0.5292993396,2,0,-1
200,1,422,0.1928389072,sphere,0.2,1,LargeHaltonSearchPlusMiddlePoint,none,1.6588815949,2,0,-1
200,1,422,0.0455925465,sphere,0.2,1,OptimisticNoisyDiscreteOnePlusOneOptimizer,none,0.4984012291,2,0,-1
200,1,231,0.0018785,sphere,0.2,1,SQP,none,0,2,0,-1
200,1,422,0.1089212894,sphere,0.2,1,Stupid,none,1.2519031317,2,0,-1
200,1,422,0.0886974335,sphere,0.2,1,porDE,none,0.5954818158,2,0,-1
200,1,422,0.0385255814,sphere,0.2,1,repeatdiscreteinocDE,none,1.1755209157,2,0,-1
400,1,622,0.2858748436,sphere,0,1,DiscreteSSNEA,none,0.0039159745,2,0,-1
400,1,622,0.4351887703,sphere,0,1,LargeHaltonSearch,none,27.7645825447,2,0,-1
400,1,622,0.2637856007,sphere,0,1,OnePlusOneOptimizer,none,0,2,0,-1
400,1,622,0.4173281193,sphere,0,1,RescaleScrHammersleySearch,none,0.0026407134,2,0,-1
400,1,622,0.4220070839,sphere,0,1,SmallScrHammersleySearchPlusMiddlePoint,none,0.7553963553,2,0,-1
400,1,622,0.1235902309,sphere,0,1,onepointDiscreteDE,none,0.0207341686,2,0,-1
400,1,622,0.0303909779,sphere,0,1,repeatdiscretehyperinocDE,none,2.3253512949,2,0,-1
400,1,622,0.2380430698,sphere,0.2,1,DiscreteOnePlusOneOptimizer,none,0.1912086221,2,0,-1
400,1,622,0.4800183773,sphere,0.2,1,LHSSearch,none,3.7543666221,2,0,-1
400,1,486,0.0114533901,sphere,0.2,1,MultiCobyla,none,1.6E-09,2,0,-1
400,1,622,0.2706844807,sphere,0.2,1,O101,none,0.582604675,2,0,-1
400,1,622,0.1384305954,sphere,0.2,1,RecombiningPortfolioOptimisticNoisyDiscreteOnePlusOneOptimizer,none,2.3216620606,2,0,-1
400,1,622,0.4896044731,sphere,0.2,1,SmallScrHaltonSearchPlusMiddlePoint,none,3.8346173836,2,0,-1
400,1,622,0.2591974735,sphere,0.2,1,onepointDE,none,1.6892893625,2,0,-1
400,1,622,0.0743610859,sphere,0.2,1,repeatdiscreteDE,none,1.029611116,2,0,-1
800,1,1022,0.7863070965,sphere,0,1,DE,none,4.02162E-05,2,0,-1
800,1,1022,1.2469220161,sphere,0,1,HammersleySearchPlusMiddlePoint,none,0.0048387,2,0,-1
800,1,1022,0.8914439678,sphere,0,1,LargerScaleRandomSearchPlusMiddlePoint,none,1.8596206703,2,0,-1
800,1,1022,0.1001741886,sphere,0,1,NoisyDiscreteOnePlusOneOptimizer,none,0.0077671327,2,0,-1
800,1,1022,0.1123683453,sphere,0,1,RecombiningOptimisticNoisyDiscreteOnePlusOneOptimizer,none,1.2005977677,2,0,-1
800,1,1022,0.8974137306,sphere,0,1,SmallScaleRandomSearchPlusMiddlePoint,none,0.7922119612,2,0,-1
800,1,1022,0.7830550671,sphere,0,1,noisyDE,none,0.000231726,2,0,-1
800,1,1022,0.0680506229,sphere,0,1,repeatDE,none,2.6464598513,2,0,-1
800,1,259,0.0026144981,sphere,0.2,1,Cobyla,none,2.7E-09,2,0,-1
800,1,1022,1.3637554646,sphere,0.2,1,HammersleySearch,none,4.1695795554,2,0,-1
800,1,1022,1.3704025745,sphere,0.2,1,LargeScrHammersleySearchPlusMiddlePoint,none,0.4898119182,2,0,-1
800,1,1022,0.3608722687,sphere,0.2,1,NoisyBandit,none,0.0520348473,2,0,-1
800,1,1022,0.9970479012,sphere,0.2,1,RandomSearchPlusMiddlePoint,none,5.420900558,2,0,-1
800,1,1022,1.4152336121,sphere,0.2,1,SmallHammersleySearchPlusMiddlePoint,none,0.7630223046,2,0,-1
800,1,1022,0.9035408497,sphere,0.2,1,inocDE,none,0.0092980779,2,0,-1
800,1,1022,0.167068243,sphere,0.2,1,repeatABitinocDE,none,0.4209805292,2,0,-1
200,1,422,0.0220012665,sphere,0,1,DoerrOptimisticNoisyDiscreteOnePlusOneOptimizer,none,0.1967344191,2,0,-1
200,1,422,0.1585714817,sphere,0,1,LargeHaltonSearchPlusMiddlePoint,none,0.34721127,2,0,-1
200,1,422,0.0218150616,sphere,0,1,OptimisticNoisyDiscreteOnePlusOneOptimizer,none,2.4549849904,2,0,-1
200,1,231,0.0021808147,sphere,0,1,SQP,none,0,2,0,-1
200,1,422,0.0822722912,sphere,0,1,Stupid,none,0.0618867761,2,0,-1
200,1,422,0.0653665066,sphere,0,1,porDE,none,5.97648E-05,2,0,-1
200,1,422,0.0178749561,sphere,0,1,repeatdiscreteinocDE,none,0.2645151881,2,0,-1
200,1,422,0.1115074158,sphere,0.2,1,DiscreteSSNEA,none,0.0663487551,2,0,-1
200,1,422,0.182955265,sphere,0.2,1,LargeHaltonSearch,none,61.8030269184,2,0,-1
200,1,422,0.1081140041,sphere,0.2,1,OnePlusOneOptimizer,none,1.7180899107,2,0,-1
200,1,422,0.1845719814,sphere,0.2,1,RescaleScrHammersleySearch,none,2.1254267676,2,0,-1
200,1,422,0.1873502731,sphere,0.2,1,SmallScrHammersleySearchPlusMiddlePoint,none,0.2201013576,2,0,-1
200,1,422,0.0786042213,sphere,0.2,1,onepointDiscreteDE,none,0.0375911697,2,0,-1
200,1,422,0.0348625183,sphere,0.2,1,repeatdiscretehyperinocDE,none,1.3291649856,2,0,-1
400,1,622,0.1979103088,sphere,0,1,DiscreteOnePlusOneOptimizer,none,0.0002874153,2,0,-1
400,1,622,0.4085941315,sphere,0,1,LHSSearch,none,0.0065181709,2,0,-1
400,1,513,0.01187253,sphere,0,1,MultiCobyla,none,1.9E-09,2,0,-1
400,1,622,0.1997053623,sphere,0,1,O101,none,3.7474E-06,2,0,-1
400,1,622,0.0846397877,sphere,0,1,RecombiningPortfolioOptimisticNoisyDiscreteOnePlusOneOptimizer,none,0.4685598027,2,0,-1
400,1,622,0.4055261612,sphere,0,1,SmallScrHaltonSearchPlusMiddlePoint,none,4.5376311187,2,0,-1
400,1,622,0.2096993923,sphere,0,1,onepointDE,none,0.0562969207,2,0,-1
400,1,622,0.0332303047,sphere,0,1,repeatdiscreteDE,none,0.6878110239,2,0,-1
400,1,622,0.2528705597,sphere,0.2,1,DE,none,0.6709380572,2,0,-1
400,1,622,0.467846632,sphere,0.2,1,HammersleySearchPlusMiddlePoint,none,0.4395642506,2,0,-1
400,1,622,0.2951362133,sphere,0.2,1,LargerScaleRandomSearchPlusMiddlePoint,none,0.7066105997,2,0,-1
400,1,622,0.0842211246,sphere,0.2,1,NoisyDiscreteOnePlusOneOptimizer,none,1.2621347067,2,0,-1
400,1,622,0.0901985168,sphere,0.2,1,RecombiningOptimisticNoisyDiscreteOnePlusOneOptimizer,none,2.053274113,2,0,-1
400,1,622,0.2992994785,sphere,0.2,1,SmallScaleRandomSearchPlusMiddlePoint,none,0.3563812624,2,0,-1
400,1,622,0.2539930344,sphere,0.2,1,noisyDE,none,0.1243168336,2,0,-1
400,1,622,0.0705900192,sphere,0.2,1,repeatDE,none,5.0091497422,2,0,-1
800,1,258,0.002548933,sphere,0,1,Cobyla,none,1.17E-08,2,0,-1
800,1,1022,1.1884052753,sphere,0,1,HammersleySearch,none,8.49472E-05,2,0,-1
800,1,1022,1.1934430599,sphere,0,1,LargeScrHammersleySearchPlusMiddlePoint,none,0.260697493,2,0,-1
800,1,1022,0.2765233517,sphere,0,1,NoisyBandit,none,0.5720229433,2,0,-1
800,1,1022,0.8562409878,sphere,0,1,RandomSearchPlusMiddlePoint,none,0.00400393,2,0,-1
800,1,1022,1.1895887852,sphere,0,1,SmallHammersleySearchPlusMiddlePoint,none,1.5861403661,2,0,-1
800,1,1022,0.7542417049,sphere,0,1,inocDE,none,0.0044927929,2,0,-1
800,1,1022,0.0827527046,sphere,0,1,repeatABitinocDE,none,0.1961463544,2,0,-1
800,1,1022,1.3054366112,sphere,0.2,1,HaltonSearchPlusMiddlePoint,none,0.9475748993,2,0,-1
800,1,1022,1.2928423882,sphere,0.2,1,LargeScrHammersleySearch,none,38.9527289355,2,0,-1
800,1,1022,0.8018169403,sphere,0.2,1,NaiveTBPSAOptimizer,none,0.0115443124,2,0,-1
800,1,1022,1.0565845966,sphere,0.2,1,RandomSearch,none,0.4741439979,2,0,-1
800,1,1022,1.3032844067,sphere,0.2,1,SmallHaltonSearchPlusMiddlePoint,none,0.3713802327,2,0,-1
800,1,1022,0.8512275219,sphere,0.2,1,fullynoisyDE,none,0.0265162743,2,0,-1
800,1,1022,0.1590285301,sphere,0.2,1,repeatABitdiscreteinocDE,none,0.8952335831,2,0,-1
200,1,422,0.0556490421,sphere,0,1,DiscreteOnePlusOneOptimizer,none,0.0009240556,2,0,-1
200,1,422,0.1522192955,sphere,0,1,LHSSearch,none,0.0349905735,2,0,-1
200,1,422,0.0834174156,sphere,0,1,O101,none,0.0002902452,2,0,-1
200,1,422,0.0376706123,sphere,0,1,RecombiningPortfolioOptimisticNoisyDiscreteOnePlusOneOptimizer,none,0.0515764178,2,0,-1
200,1,422,0.1560666561,sphere,0,1,SmallScrHaltonSearchPlusMiddlePoint,none,2.8406568507,2,0,-1
200,1,422,0.0632822514,sphere,0,1,onepointDE,none,0.0005150175,2,0,-1
200,1,422,0.0179541111,sphere,0,1,repeatdiscreteDE,none,0.895385364,2,0,-1
200,1,422,0.0838809013,sphere,0.2,1,DE,none,0.0839329931,2,0,-1
200,1,422,0.1804540157,sphere,0.2,1,HammersleySearchPlusMiddlePoint,none,3.6186707623,2,0,-1
200,1,422,0.1033344269,sphere,0.2,1,LargerScaleRandomSearchPlusMiddlePoint,none,7.6148527381,2,0,-1
200,1,422,0.0408568382,sphere,0.2,1,NoisyDiscreteOnePlusOneOptimizer,none,1.5283581561,2,0,-1
200,1,422,0.042495966,sphere,0.2,1,RecombiningOptimisticNoisyDiscreteOnePlusOneOptimizer,none,0.1729803532,2,0,-1
200,1,422,0.1052970886,sphere,0.2,1,SmallScaleRandomSearchPlusMiddlePoint,none,0.015770193,2,0,-1
200,1,422,0.084761858,sphere,0.2,1,noisyDE,none,0.0058326772,2,0,-1
200,1,422,0.0359134674,sphere,0.2,1,repeatDE,none,0.4045009761,2,0,-1
400,1,258,0.0024645329,sphere,0,1,Cobyla,none,2.5E-09,2,0,-1
400,1,622,0.4042012691,sphere,0,1,HammersleySearch,none,0.0024016484,2,0,-1
400,1,622,0.4034683704,sphere,0,1,LargeScrHammersleySearchPlusMiddlePoint,none,0.7606853266,2,0,-1
400,1,622,0.1451485157,sphere,0,1,NoisyBandit,none,0.2830483473,2,0,-1
400,1,622,0.2483274937,sphere,0,1,RandomSearchPlusMiddlePoint,none,0.0036202988,2,0,-1
400,1,622,0.4004032612,sphere,0,1,SmallHammersleySearchPlusMiddlePoint,none,2.0115489405,2,0,-1
400,1,622,0.2072896957,sphere,0,1,inocDE,none,5.524E-07,2,0,-1
400,1,622,0.0412163734,sphere,0,1,repeatABitinocDE,none,2.0382744323,2,0,-1
400,1,622,0.4514107704,sphere,0.2,1,HaltonSearchPlusMiddlePoint,none,0.8080440218,2,0,-1
400,1,622,0.4522013664,sphere,0.2,1,LargeScrHammersleySearch,none,54.6870209887,2,0,-1
400,1,622,0.2314348221,sphere,0.2,1,NaiveTBPSAOptimizer,none,0.5729533798,2,0,-1
400,1,622,0.2933011055,sphere,0.2,1,RandomSearch,none,0.5582636539,2,0,-1
400,1,622,0.45312953,sphere,0.2,1,SmallHaltonSearchPlusMiddlePoint,none,6.0972904315,2,0,-1
400,1,622,0.2540054321,sphere,0.2,1,fullynoisyDE,none,0.1652477478,2,0,-1
400,1,622,0.0798435211,sphere,0.2,1,repeatABitdiscreteinocDE,none,0.5058946251,2,0,-1
800,1,1022,0.8926353455,sphere,0,1,AdamSP,none,0.8302766092,2,0,-1
800,1,1022,1.1637086868,sphere,0,1,HaltonSearch,none,0.0011007186,2,0,-1
800,1,1022,1.1636292934,sphere,0,1,LargeScrHaltonSearchPlusMiddlePoint,none,0.0118239374,2,0,-1
800,1,366,0.0107033253,sphere,0,1,NM,none,3.1E-09,2,0,-1
800,1,1022,1.226184845,sphere,0,1,QRAdamSP,none,1.1792572766,2,0,-1
800,1,1022,1.1760578156,sphere,0,1,ScrHammersleySearchPlusMiddlePoint,none,0.0054900531,2,0,-1
800,1,1022,0.2327823639,sphere,0,1,discreteinocDE,none,0.0004998809,2,0,-1
800,1,1022,0.0564703941,sphere,0,1,repeatABitdiscretehyperinocDE,none,0.9650859453,2,0,-1
800,1,1022,0.2394435406,sphere,0,1,twopointsDiscreteDE,none,0.0010396809,2,0,-1
800,1,1022,0.6333446503,sphere,0.2,1,FixedNFdiscreteDE,none,0.0213023677,2,0,-1
800,1,1022,1.2683434486,sphere,0.2,1,LargeScrHaltonSearch,none,22.7502782147,2,0,-1
800,1,1022,0.6007254124,sphere,0.2,1,NFtwopointsDiscreteDE,none,0.0091849638,2,0,-1
800,1,259,0.0031363964,sphere,0.2,1,Powell,none,0,2,0,-1
800,1,1022,1.2543134689,sphere,0.2,1,ScrHammersleySearch,none,0.255498492,2,0,-1
800,1,1022,0.3318026066,sphere,0.2,1,discretehyperinocDE,none,0.1448863152,2,0,-1
800,1,1022,0.1602954865,sphere,0.2,1,repeatABitdiscreteDE,none,0.2314657006,2,0,-1
800,1,1022,0.8391160965,sphere,0.2,1,twopointsDE,none,0.1555962769,2,0,-1
200,1,422,0.0896964073,sphere,0,1,DiscreteSSNEA,none,0.0085597764,2,0,-1
200,1,422,0.159737587,sphere,0,1,LargeHaltonSearch,none,34.3898501712,2,0,-1
200,1,422,0.0820350647,sphere,0,1,OnePlusOneOptimizer,none,0,2,0,-1
200,1,422,0.1548826694,sphere,0,1,RescaleScrHammersleySearch,none,0.010523905,2,0,-1
200,1,422,0.1603605747,sphere,0,1,SmallScrHammersleySearchPlusMiddlePoint,none,0.5656505637,2,0,-1
200,1,422,0.0528247356,sphere,0,1,onepointDiscreteDE,none,0.0008358063,2,0,-1
200,1,422,0.0166959763,sphere,0,1,repeatdiscretehyperinocDE,none,0.6942601892,2,0,-1
200,1,422,0.0741889477,sphere,0.2,1,DiscreteOnePlusOneOptimizer,none,0.0959379248,2,0,-1
200,1,422,0.1802170277,sphere,0.2,1,LHSSearch,none,0.3361207724,2,0,-1
200,1,422,0.1134216785,sphere,0.2,1,O101,none,0.5566748479,2,0,-1
200,1,422,0.060431242,sphere,0.2,1,RecombiningPortfolioOptimisticNoisyDiscreteOnePlusOneOptimizer,none,0.0055776483,2,0,-1
200,1,422,0.1854805946,sphere,0.2,1,SmallScrHaltonSearchPlusMiddlePoint,none,1.4110964719,2,0,-1
200,1,422,0.0856757164,sphere,0.2,1,onepointDE,none,0.7058136895,2,0,-1
200,1,422,0.0365176201,sphere,0.2,1,repeatdiscreteDE,none,0.1089138622,2,0,-1
400,1,622,0.2022564411,sphere,0,1,DE,none,1.17123E-05,2,0,-1
400,1,622,0.4083766937,sphere,0,1,HammersleySearchPlusMiddlePoint,none,0.0100369542,2,0,-1
400,1,622,0.2478826046,sphere,0,1,LargerScaleRandomSearchPlusMiddlePoint,none,15.3006199809,2,0,-1
400,1,622,0.0456595421,sphere,0,1,NoisyDiscreteOnePlusOneOptimizer,none,0.9011671065,2,0,-1
400,1,622,0.0495533943,sphere,0,1,RecombiningOptimisticNoisyDiscreteOnePlusOneOptimizer,none,1.3854800552,2,0,-1
400,1,622,0.2479612827,sphere,0,1,SmallScaleRandomSearchPlusMiddlePoint,none,0.3649171297,2,0,-1
400,1,622,0.2017464638,sphere,0,1,noisyDE,none,1.70577E-05,2,0,-1
400,1,622,0.0353093147,sphere,0,1,repeatDE,none,0.8473111229,2,0,-1
400,1,261,0.0024175644,sphere,0.2,1,Cobyla,none,1.07E-08,2,0,-1
400,1,622,0.4642443657,sphere,0.2,1,HammersleySearch,none,4.6518217965,2,0,-1
400,1,622,0.4626505375,sphere,0.2,1,LargeScrHammersleySearchPlusMiddlePoint,none,0.0857117102,2,0,-1
400,1,622,0.174323082,sphere,0.2,1,NoisyBandit,none,0.7254188281,2,0,-1
400,1,622,0.2906370163,sphere,0.2,1,RandomSearchPlusMiddlePoint,none,0.1938200048,2,0,-1
400,1,622,0.4643907547,sphere,0.2,1,SmallHammersleySearchPlusMiddlePoint,none,2.3816162884,2,0,-1
400,1,622,0.2431735992,sphere,0.2,1,inocDE,none,0.2213014259,2,0,-1
400,1,622,0.0838091373,sphere,0.2,1,repeatABitinocDE,none,3.0306773916,2,0,-1
800,1,1022,1.1798624992,sphere,0,1,HaltonSearchPlusMiddlePoint,none,0.0006768871,2,0,-1
800,1,1022,1.1615145206,sphere,0,1,LargeScrHammersleySearch,none,19.0224737221,2,0,-1
800,1,1022,0.6999657154,sphere,0,1,NaiveTBPSAOptimizer,none,1.9E-09,2,0,-1
800,1,1022,0.8454349041,sphere,0,1,RandomSearch,none,9.9165E-06,2,0,-1
800,1,1022,1.1719450951,sphere,0,1,SmallHaltonSearchPlusMiddlePoint,none,1.0129747396,2,0,-1
800,1,1022,0.7459726334,sphere,0,1,fullynoisyDE,none,1.7E-09,2,0,-1
800,1,1022,0.0855231285,sphere,0,1,repeatABitdiscreteinocDE,none,6.5513328067,2,0,-1
800,1,1022,0.9892024994,sphere,0.2,1,AdamSP,none,0.7698322928,2,0,-1
800,1,1022,1.29033494,sphere,0.2,1,HaltonSearch,none,0.6457643367,2,0,-1
800,1,1022,1.275270462,sphere,0.2,1,LargeScrHaltonSearchPlusMiddlePoint,none,0.0705735676,2,0,-1
800,1,323,0.0080816746,sphere,0.2,1,NM,none,8E-10,2,0,-1
800,1,1022,1.3336992264,sphere,0.2,1,QRAdamSP,none,0.561739379,2,0,-1
800,1,1022,1.3384320736,sphere,0.2,1,ScrHammersleySearchPlusMiddlePoint,none,1.3326064959,2,0,-1
800,1,1022,0.3955578804,sphere,0.2,1,discreteinocDE,none,2.265450237,2,0,-1
800,1,1022,0.1477792263,sphere,0.2,1,repeatABitdiscretehyperinocDE,none,2.7462387876,2,0,-1
800,1,1022,0.3809978962,sphere,0.2,1,twopointsDiscreteDE,none,0.1443494133,2,0,-1
200,1,422,0.0633738041,sphere,0,1,DE,none,0.0010992486,2,0,-1
200,1,422,0.1414051056,sphere,0,1,HammersleySearchPlusMiddlePoint,none,0.0070987724,2,0,-1
200,1,422,0.0788648129,sphere,0,1,LargerScaleRandomSearchPlusMiddlePoint,none,0.4843116781,2,0,-1
200,1,422,0.0219345093,sphere,0,1,NoisyDiscreteOnePlusOneOptimizer,none,1.6239631005,2,0,-1
200,1,422,0.0218198299,sphere,0,1,RecombiningOptimisticNoisyDiscreteOnePlusOneOptimizer,none,0.3102869293,2,0,-1
200,1,422,0.0793783665,sphere,0,1,SmallScaleRandomSearchPlusMiddlePoint,none,0.1003640041,2,0,-1
200,1,422,0.0634293556,sphere,0,1,noisyDE,none,0.0004283321,2,0,-1
200,1,422,0.018099308,sphere,0,1,repeatDE,none,0.0191156822,2,0,-1
200,1,264,0.0024495125,sphere,0.2,1,Cobyla,none,1.3E-08,2,0,-1
200,1,422,0.1604528427,sphere,0.2,1,HammersleySearch,none,0.3519734198,2,0,-1
200,1,422,0.1608643532,sphere,0.2,1,LargeScrHammersleySearchPlusMiddlePoint,none,3.0601837502,2,0,-1
200,1,422,0.0821566582,sphere,0.2,1,NoisyBandit,none,0.1430061254,2,0,-1
200,1,422,0.0993680954,sphere,0.2,1,RandomSearchPlusMiddlePoint,none,1.1977794497,2,0,-1
200,1,422,0.1643078327,sphere,0.2,1,SmallHammersleySearchPlusMiddlePoint,none,1.1397653639,2,0,-1
200,1,422,0.0821325779,sphere,0.2,1,inocDE,none,0.1886251933,2,0,-1
200,1,422,0.0388867855,sphere,0.2,1,repeatABitinocDE,none,2.1305783583,2,0,-1
400,1,622,0.3567759991,sphere,0,1,HaltonSearchPlusMiddlePoint,none,0.0008474075,2,0,-1
400,1,622,0.361279726,sphere,0,1,LargeScrHammersleySearch,none,21.3267908511,2,0,-1
400,1,622,0.18303895,sphere,0,1,NaiveTBPSAOptimizer,none,1.23E-08,2,0,-1
400,1,622,0.2253582478,sphere,0,1,RandomSearch,none,0.0052337253,2,0,-1
400,1,622,0.3589801788,sphere,0,1,SmallHaltonSearchPlusMiddlePoint,none,1.2439285801,2,0,-1
400,1,622,0.1989233494,sphere,0,1,fullynoisyDE,none,4.9696E-06,2,0,-1
400,1,622,0.04027915,sphere,0,1,repeatABitdiscreteinocDE,none,1.9799073129,2,0,-1
400,1,622,0.2825436592,sphere,0.2,1,AdamSP,none,4.2174804894,2,0,-1
400,1,622,0.4075872898,sphere,0.2,1,HaltonSearch,none,2.1339843497,2,0,-1
400,1,622,0.3987052441,sphere,0.2,1,LargeScrHaltonSearchPlusMiddlePoint,none,2.412299331,2,0,-1
400,1,346,0.008461237,sphere,0.2,1,NM,none,8E-10,2,0,-1
400,1,622,0.4228308201,sphere,0.2,1,QRAdamSP,none,0.3261126385,2,0,-1
400,1,622,0.3920686245,sphere,0.2,1,ScrHammersleySearchPlusMiddlePoint,none,0.8354666272,2,0,-1
400,1,622,0.1773915291,sphere,0.2,1,discreteinocDE,none,0.6220836818,2,0,-1
400,1,622,0.073362112,sphere,0.2,1,repeatABitdiscretehyperinocDE,none,0.6531226798,2,0,-1
400,1,622,0.1734941006,sphere,0.2,1,twopointsDiscreteDE,none,0.0306224289,2,0,-1
800,1,1022,0.4083948135,sphere,0,1,FixedNFdiscreteDE,none,0.037558013,2,0,-1
800,1,1022,0.9981565475,sphere,0,1,LargeScrHaltonSearch,none,25.4672212512,2,0,-1
800,1,1022,0.4635128975,sphere,0,1,NFtwopointsDiscreteDE,none,0.0040183013,2,0,-1
800,1,258,0.0031309128,sphere,0,1,Powell,none,0,2,0,-1
800,1,1022,1.0262985229,sphere,0,1,ScrHammersleySearch,none,0.0037299155,2,0,-1
800,1,1022,0.2099494934,sphere,0,1,discretehyperinocDE,none,0.0027564266,2,0,-1
800,1,1022,0.0746657848,sphere,0,1,repeatABitdiscreteDE,none,0.4139873,2,0,-1
800,1,1022,0.6860044003,sphere,0,1,twopointsDE,none,0.0005197217,2,0,-1
800,1,691,0.1592018604,sphere,0.2,1,FixedCMA,none,0,2,0,-1
800,1,1022,1.0738596916,sphere,0.2,1,LargeHammersleySearchPlusMiddlePoint,none,0.6814009747,2,0,-1
800,1,1022,0.5833172798,sphere,0.2,1,NFonepointDiscreteDE,none,0.2766914038,2,0,-1
800,1,1022,0.2808189392,sphere,0.2,1,PortfolioOptimisticNoisyDiscreteOnePlusOneOptimizer,none,0.0997244377,2,0,-1
800,1,1022,1.1272315979,sphere,0.2,1,ScrHaltonSearchPlusMiddlePoint,none,1.8170207712,2,0,-1
800,1,1022,0.3800153732,sphere,0.2,1,discreteDE,none,0.4946311587,2,0,-1
800,1,1022,0.1458702087,sphere,0.2,1,repeatABitDE,none,0.0325109605,2,0,-1
800,1,1022,0.7623300552,sphere,0.2,1,rotinvDE,none,1.9835580227,2,0,-1
200,1,422,0.1665456295,sphere,0,1,HaltonSearchPlusMiddlePoint,none,0.0125339663,2,0,-1
200,1,422,0.1683595181,sphere,0,1,LargeScrHammersleySearch,none,60.2018735444,2,0,-1
200,1,422,0.0631403923,sphere,0,1,NaiveTBPSAOptimizer,none,6.39E-08,2,0,-1
200,1,422,0.0884287357,sphere,0,1,RandomSearch,none,0.0282409425,2,0,-1
200,1,422,0.1691734791,sphere,0,1,SmallHaltonSearchPlusMiddlePoint,none,1.4921192978,2,0,-1
200,1,422,0.0712678432,sphere,0,1,fullynoisyDE,none,0.335589972,2,0,-1
200,1,422,0.0226044655,sphere,0,1,repeatABitdiscreteinocDE,none,0.3362829806,2,0,-1
200,1,422,0.1226797104,sphere,0.2,1,AdamSP,none,0.3349490852,2,0,-1
200,1,422,0.1938986778,sphere,0.2,1,HaltonSearch,none,0.2906952852,2,0,-1
200,1,422,0.1964406967,sphere,0.2,1,LargeScrHaltonSearchPlusMiddlePoint,none,0.0050502879,2,0,-1
200,1,348,0.0100579262,sphere,0.2,1,NM,none,5E-10,2,0,-1
200,1,422,0.2118620872,sphere,0.2,1,QRAdamSP,none,0.7205086245,2,0,-1
200,1,422,0.1953902245,sphere,0.2,1,ScrHammersleySearchPlusMiddlePoint,none,0.1317610492,2,0,-1
200,1,422,0.0885148048,sphere,0.2,1,discreteinocDE,none,0.1287610497,2,0,-1
200,1,422,0.0410041809,sphere,0.2,1,repeatABitdiscretehyperinocDE,none,0.6863330998,2,0,-1
200,1,422,0.082818985,sphere,0.2,1,twopointsDiscreteDE,none,0.048571046,2,0,-1
400,1,622,0.1678347588,sphere,0,1,FixedNFdiscreteDE,none,0.0099757422,2,0,-1
400,1,622,0.4310786724,sphere,0,1,LargeScrHaltonSearch,none,25.1457636131,2,0,-1
400,1,622,0.1523945332,sphere,0,1,NFtwopointsDiscreteDE,none,0.0727976423,2,0,-1
400,1,257,0.0030860901,sphere,0,1,Powell,none,0,2,0,-1
400,1,622,0.4386415482,sphere,0,1,ScrHammersleySearch,none,0.0033330447,2,0,-1
400,1,622,0.0937747955,sphere,0,1,discretehyperinocDE,none,1.6693928382,2,0,-1
400,1,622,0.044416666,sphere,0,1,repeatABitdiscreteDE,none,0.150992025,2,0,-1
400,1,622,0.2224845886,sphere,0,1,twopointsDE,none,1.17241E-05,2,0,-1
400,1,622,0.495143652,sphere,0.2,1,LargeHammersleySearchPlusMiddlePoint,none,8.6042796924,2,0,-1
400,1,622,0.2484931946,sphere,0.2,1,NFonepointDiscreteDE,none,0.1411279439,2,0,-1
400,1,622,0.141607523,sphere,0.2,1,PortfolioOptimisticNoisyDiscreteOnePlusOneOptimizer,none,0.0217641521,2,0,-1
400,1,622,0.4942896366,sphere,0.2,1,ScrHaltonSearchPlusMiddlePoint,none,1.0248161644,2,0,-1
400,1,622,0.1941535473,sphere,0.2,1,discreteDE,none,0.0181615532,2,0,-1
400,1,622,0.0860333443,sphere,0.2,1,repeatABitDE,none,1.2413350847,2,0,-1
400,1,622,0.2686121464,sphere,0.2,1,rotinvDE,none,1.3171047268,2,0,-1
800,1,1022,0.117808342,sphere,0,1,DoubleDoerrOptimisticNoisyDiscreteOnePlusOneOptimizer,none,0.025733951,2,0,-1
800,1,1022,1.2827680111,sphere,0,1,LargeHammersleySearch,none,8.5560820668,2,0,-1
800,1,294,0.0074551105,sphere,0,1,MultiSQP,none,0,2,0,-1
800,1,1022,0.7795791626,sphere,0,1,PortfolioDiscreteOnePlusOneOptimizer,none,0.0001303425,2,0,-1
800,1,1022,1.2684578896,sphere,0,1,ScrHaltonSearch,none,0.0006426741,2,0,-1
800,1,1022,0.7572920322,sphere,0,1,TBPSAOptimizer,none,4E-10,2,0,-1
800,1,1022,0.2943582535,sphere,0,1,porDiscreteDE,none,0.015118053,2,0,-1
800,1,1022,0.0708246231,sphere,0,1,repeatinocDE,none,0.9286738224,2,0,-1
800,1,1022,0.2018876076,sphere,0.2,1,DoerrOptimisticNoisyDiscreteOnePlusOneOptimizer,none,0.1011576535,2,0,-1
800,1,1022,1.401170969,sphere,0.2,1,LargeHaltonSearchPlusMiddlePoint,none,1.2182366128,2,0,-1
800,1,509,0.0180580616,sphere,0.2,1,MultiPowell,none,0,2,0,-1
800,1,1022,0.2008526325,sphere,0.2,1,OptimisticNoisyDiscreteOnePlusOneOptimizer,none,0.4005033681,2,0,-1
800,1,231,0.0018906593,sphere,0.2,1,SQP,none,0,2,0,-1
800,1,1022,1.0383837223,sphere,0.2,1,Stupid,none,1.740283066,2,0,-1
800,1,1022,0.9123101234,sphere,0.2,1,porDE,none,0.1081158303,2,0,-1
800,1,1022,0.1487827301,sphere,0.2,1,repeatdiscreteinocDE,none,4.4526783692,2,0,-1
200,1,422,0.0668168068,sphere,0,1,DE,none,0.0015351514,2,0,-1
200,1,422,0.1669223309,sphere,0,1,HammersleySearchPlusMiddlePoint,none,0.009769135,2,0,-1
200,1,422,0.0851483345,sphere,0,1,LargerScaleRandomSearchPlusMiddlePoint,none,0.1181433706,2,0,-1
200,1,422,0.023175478,sphere,0,1,NoisyDiscreteOnePlusOneOptimizer,none,4.7538742773,2,0,-1
200,1,422,0.0246779919,sphere,0,1,RecombiningOptimisticNoisyDiscreteOnePlusOneOptimizer,none,0.2056567992,2,0,-1
200,1,422,0.0850174427,sphere,0,1,SmallScaleRandomSearchPlusMiddlePoint,none,0.0951985804,2,0,-1
200,1,422,0.0665769577,sphere,0,1,noisyDE,none,0.0001699045,2,0,-1
200,1,422,0.0184230804,sphere,0,1,repeatDE,none,0.3868159949,2,0,-1
200,1,268,0.0028100014,sphere,0.2,1,Cobyla,none,2.06E-08,2,0,-1
200,1,422,0.1960186958,sphere,0.2,1,HammersleySearch,none,1.3427849227,2,0,-1
200,1,422,0.1942281723,sphere,0.2,1,LargeScrHammersleySearchPlusMiddlePoint,none,0.3316742634,2,0,-1
200,1,422,0.087454319,sphere,0.2,1,NoisyBandit,none,0.7421515267,2,0,-1
200,1,422,0.1081326008,sphere,0.2,1,RandomSearchPlusMiddlePoint,none,0.1426463356,2,0,-1
200,1,422,0.1980917454,sphere,0.2,1,SmallHammersleySearchPlusMiddlePoint,none,0.3023924211,2,0,-1
200,1,422,0.0876433849,sphere,0.2,1,inocDE,none,0.26891096,2,0,-1
200,1,422,0.0419886112,sphere,0.2,1,repeatABitinocDE,none,4.0458516926,2,0,-1
400,1,622,0.423999548,sphere,0,1,HaltonSearchPlusMiddlePoint,none,0.0008291369,2,0,-1
400,1,622,0.4258470535,sphere,0,1,LargeScrHammersleySearch,none,27.5840426946,2,0,-1
400,1,622,0.1982429028,sphere,0,1,NaiveTBPSAOptimizer,none,5.8E-09,2,0,-1
400,1,622,0.2564630508,sphere,0,1,RandomSearch,none,0.0059761804,2,0,-1
400,1,622,0.424280405,sphere,0,1,SmallHaltonSearchPlusMiddlePoint,none,5.0809974653,2,0,-1
400,1,622,0.2153131962,sphere,0,1,fullynoisyDE,none,1.18194E-05,2,0,-1
400,1,622,0.0438022614,sphere,0,1,repeatABitdiscreteinocDE,none,0.11905053,2,0,-1
400,1,622,0.3258965015,sphere,0.2,1,AdamSP,none,2.6229097165,2,0,-1
400,1,622,0.4791717529,sphere,0.2,1,HaltonSearch,none,2.5371990089,2,0,-1
400,1,622,0.4787011147,sphere,0.2,1,LargeScrHaltonSearchPlusMiddlePoint,none,0.9276160755,2,0,-1
400,1,378,0.0124363899,sphere,0.2,1,NM,none,6E-10,2,0,-1
400,1,622,0.5092637539,sphere,0.2,1,QRAdamSP,none,6.1685315024,2,0,-1
400,1,622,0.4851014614,sphere,0.2,1,ScrHammersleySearchPlusMiddlePoint,none,0.2941658909,2,0,-1
400,1,622,0.1910796165,sphere,0.2,1,discreteinocDE,none,0.051737089,2,0,-1
400,1,622,0.0716526508,sphere,0.2,1,repeatABitdiscretehyperinocDE,none,1.1539173127,2,0,-1
400,1,622,0.1981105804,sphere,0.2,1,twopointsDiscreteDE,none,0.1178508431,2,0,-1
800,1,1022,0.4358670712,sphere,0,1,FixedNFdiscreteDE,none,6.0827E-06,2,0,-1
800,1,1022,1.2120881081,sphere,0,1,LargeScrHaltonSearch,none,15.2537775457,2,0,-1
800,1,1022,0.5085349083,sphere,0,1,NFtwopointsDiscreteDE,none,0.0008607302,2,0,-1
800,1,259,0.003606081,sphere,0,1,Powell,none,0,2,0,-1
800,1,1022,1.2199115753,sphere,0,1,ScrHammersleySearch,none,0.0018191115,2,0,-1
800,1,1022,0.2457625866,sphere,0,1,discretehyperinocDE,none,0.0018357318,2,0,-1
800,1,1022,0.0895383358,sphere,0,1,repeatABitdiscreteDE,none,0.3531959703,2,0,-1
800,1,1022,0.7840418816,sphere,0,1,twopointsDE,none,0.0032543261,2,0,-1
800,1,625,0.1897308826,sphere,0.2,1,FixedCMA,none,0,2,0,-1
800,1,1022,1.3335902691,sphere,0.2,1,LargeHammersleySearchPlusMiddlePoint,none,0.8643540792,2,0,-1
800,1,1022,0.6537227631,sphere,0.2,1,NFonepointDiscreteDE,none,0.0926361137,2,0,-1
800,1,1022,0.324504137,sphere,0.2,1,PortfolioOptimisticNoisyDiscreteOnePlusOneOptimizer,none,0.1179096966,2,0,-1
800,1,1022,1.3432233334,sphere,0.2,1,ScrHaltonSearchPlusMiddlePoint,none,1.0223674825,2,0,-1
800,1,1022,0.4697804451,sphere,0.2,1,discreteDE,none,0.0616471782,2,0,-1
800,1,1022,0.1727485657,sphere,0.2,1,repeatABitDE,none,0.0350287674,2,0,-1
800,1,1022,0.8699910641,sphere,0.2,1,rotinvDE,none,0.2416469821,2,0,-1
200,1,422,0.0263888836,sphere,0,1,DoerrOptimisticNoisyDiscreteOnePlusOneOptimizer,none,0.5692835792,2,0,-1
200,1,422,0.179807663,sphere,0,1,LargeHaltonSearchPlusMiddlePoint,none,2.8929774093,2,0,-1
200,1,422,0.0265619755,sphere,0,1,OptimisticNoisyDiscreteOnePlusOneOptimizer,none,0.1790888104,2,0,-1
200,1,231,0.0020465851,sphere,0,1,SQP,none,0,2,0,-1
200,1,422,0.0968050957,sphere,0,1,Stupid,none,1.0503793959,2,0,-1
200,1,422,0.0769827366,sphere,0,1,porDE,none,0.5629352379,2,0,-1
200,1,422,0.0199275017,sphere,0,1,repeatdiscreteinocDE,none,0.6740352959,2,0,-1
200,1,422,0.1325671673,sphere,0.2,1,DiscreteSSNEA,none,3.7268526707,2,0,-1
200,1,422,0.2124826908,sphere,0.2,1,LargeHaltonSearch,none,41.6807436576,2,0,-1
200,1,422,0.1247329712,sphere,0.2,1,OnePlusOneOptimizer,none,0.2065521059,2,0,-1
200,1,422,0.2095141411,sphere,0.2,1,RescaleScrHammersleySearch,none,0.0480496805,2,0,-1
200,1,422,0.2155382633,sphere,0.2,1,SmallScrHammersleySearchPlusMiddlePoint,none,0.462817177,2,0,-1
200,1,422,0.0873074532,sphere,0.2,1,onepointDiscreteDE,none,0.2338756461,2,0,-1
200,1,422,0.038330555,sphere,0.2,1,repeatdiscretehyperinocDE,none,6.3180508257,2,0,-1
400,1,622,0.2277090549,sphere,0,1,DiscreteOnePlusOneOptimizer,none,0.0006379974,2,0,-1
400,1,622,0.4671285152,sphere,0,1,LHSSearch,none,0.000450387,2,0,-1
400,1,485,0.0119490623,sphere,0,1,MultiCobyla,none,1.6E-09,2,0,-1
400,1,622,0.236666441,sphere,0,1,O101,none,1.3208E-06,2,0,-1
400,1,622,0.0983979702,sphere,0,1,RecombiningPortfolioOptimisticNoisyDiscreteOnePlusOneOptimizer,none,0.0391632528,2,0,-1
400,1,622,0.4696013927,sphere,0,1,SmallScrHaltonSearchPlusMiddlePoint,none,2.9134114672,2,0,-1
400,1,622,0.2459466457,sphere,0,1,onepointDE,none,0.0026802273,2,0,-1
400,1,622,0.0387017727,sphere,0,1,repeatdiscreteDE,none,0.4018365269,2,0,-1
400,1,622,0.2949979305,sphere,0.2,1,DE,none,0.2465346841,2,0,-1
400,1,622,0.5340135098,sphere,0.2,1,HammersleySearchPlusMiddlePoint,none,0.2655806534,2,0,-1
400,1,622,0.3447904587,sphere,0.2,1,LargerScaleRandomSearchPlusMiddlePoint,none,1.9189256186,2,0,-1
400,1,622,0.0971190929,sphere,0.2,1,NoisyDiscreteOnePlusOneOptimizer,none,0.6814998957,2,0,-1
400,1,622,0.1039381027,sphere,0.2,1,RecombiningOptimisticNoisyDiscreteOnePlusOneOptimizer,none,0.5767978031,2,0,-1
400,1,622,0.3452212811,sphere,0.2,1,SmallScaleRandomSearchPlusMiddlePoint,none,2.2949242604,2,0,-1
400,1,622,0.2925903797,sphere,0.2,1,noisyDE,none,0.0575895968,2,0,-1
400,1,622,0.0806553364,sphere,0.2,1,repeatDE,none,0.9859044476,2,0,-1
800,1,260,0.0028295517,sphere,0,1,Cobyla,none,3.3E-09,2,0,-1
800,1,1022,1.3428587914,sphere,0,1,HammersleySearch,none,0.0014533227,2,0,-1
800,1,1022,1.3225903511,sphere,0,1,LargeScrHammersleySearchPlusMiddlePoint,none,0.148359284,2,0,-1
800,1,1022,0.3177132607,sphere,0,1,NoisyBandit,none,0.5125597709,2,0,-1
800,1,1022,0.9475386143,sphere,0,1,RandomSearchPlusMiddlePoint,none,0.0006121547,2,0,-1
800,1,1022,1.1561079025,sphere,0,1,SmallHammersleySearchPlusMiddlePoint,none,1.1242884098,2,0,-1
800,1,1022,0.7388691902,sphere,0,1,inocDE,none,0.3430428491,2,0,-1
800,1,1022,0.0825760365,sphere,0,1,repeatABitinocDE,none,0.3245023571,2,0,-1
800,1,1022,1.2710695267,sphere,0.2,1,HaltonSearchPlusMiddlePoint,none,2.5218540717,2,0,-1
800,1,1022,1.2681274414,sphere,0.2,1,LargeScrHammersleySearch,none,40.6002922344,2,0,-1
800,1,1022,0.7888689041,sphere,0.2,1,NaiveTBPSAOptimizer,none,0.048478199,2,0,-1
800,1,1022,1.0007781982,sphere,0.2,1,RandomSearch,none,0.3881707757,2,0,-1
800,1,1022,1.2375278473,sphere,0.2,1,SmallHaltonSearchPlusMiddlePoint,none,8.4105347006,2,0,-1
800,1,1022,0.8351683617,sphere,0.2,1,fullynoisyDE,none,0.0612266379,2,0,-1
800,1,1022,0.1553099155,sphere,0.2,1,repeatABitdiscreteinocDE,none,0.6015045704,2,0,-1
